time,pitch_1 (°),roll_1 (°),range_1 (mm),pitch_2 (°),roll_2 (°),range_2 (mm)
2025-04-14 17:20:58.000000,25.903128,0.9950543,23.081835,160.44666,-144.94626,4.4203005
2025-04-14 17:21:01.000000,25.91031,0.98197,23.089684,160.35175,-144.676,4.398931
2025-04-14 17:21:04.000000,25.888887,0.87110287,23.126503,160.36092,-144.59839,4.3661175
2025-04-14 17:21:07.000000,25.883472,0.74318475,23.152002,160.29729,-144.50233,4.3281803
2025-04-14 17:21:10.000000,25.830635,0.8615611,23.129929,160.21768,-144.41092,4.3423324
2025-04-14 17:21:13.000000,25.856478,0.7534494,23.1712,160.2607,-144.3794,4.3135023
2025-04-14 17:21:16.000000,25.89839,0.7487788,23.216497,160.41194,-144.40475,4.30625
2025-04-14 17:21:19.000000,25.90623,0.7291655,23.221638,160.361,-144.33788,4.2929544
2025-04-14 17:21:22.000000,25.972713,0.5073631,23.284657,160.43207,-144.34062,4.2421455
2025-04-14 17:21:25.000000,25.952387,0.68613124,23.26455,160.43918,-144.31921,4.2720623
2025-04-14 17:21:28.000000,25.999235,0.49458152,23.303886,160.43303,-144.2891,4.2278357
2025-04-14 17:21:31.000000,25.966923,0.64470935,23.272041,160.36673,-144.23355,4.2519426
2025-04-14 17:21:34.000000,26.01443,0.4517138,23.316162,160.39758,-144.23311,4.2102447
2025-04-14 17:21:37.000000,26.05258,0.454719,23.348856,160.53365,-144.28384,4.208696
2025-04-14 17:21:40.000000,26.054983,0.435329,23.343845,160.47249,-144.2435,4.2002597
2025-04-14 17:21:43.000000,26.062675,0.3580036,23.350592,160.42699,-144.21745,4.1817727
2025-04-14 17:21:46.000000,26.026724,0.4173318,23.334957,160.38316,-144.19077,4.1926293
2025-04-14 17:21:49.000000,26.057741,0.3937822,23.35314,160.44948,-144.23126,4.1876493
2025-04-14 17:21:52.000000,26.063786,0.3898005,23.356594,160.4589,-144.23297,4.1857867
2025-04-14 17:21:55.000000,26.06764,0.3866931,23.358671,160.46312,-144.2325,4.1844473
2025-04-14 17:21:58.000000,26.071175,0.38453948,23.360641,160.46832,-144.23286,4.183471
2025-04-14 17:22:01.000000,26.075361,0.38021335,23.363256,160.47537,-144.23444,4.1821756
2025-04-14 17:22:04.000000,26.077963,0.37873346,23.364376,160.47769,-144.23395,4.1814556
2025-04-14 17:22:07.000000,26.079617,0.37683344,23.364868,160.47685,-144.23209,4.1806912
2025-04-14 17:22:10.000000,26.081703,0.37507346,23.366055,160.4801,-144.23279,4.1801233
2025-04-14 17:22:13.000000,26.082338,0.37612188,23.365845,160.47896,-144.23131,4.180093
2025-04-14 17:22:16.000000,26.08407,0.37319237,23.366943,160.48119,-144.23172,4.1793637
2025-04-14 17:22:19.000000,26.084686,0.374184,23.366951,160.4815,-144.23141,4.179428
2025-04-14 17:22:22.000000,26.086433,0.37176168,23.36819,160.48526,-144.23294,4.178897
2025-04-14 17:22:25.000000,26.0867,0.37309775,23.367928,160.48473,-144.23238,4.179061
2025-04-14 17:22:28.000000,26.086525,0.37295392,23.367468,160.48196,-144.2306,4.178921
2025-04-14 17:22:31.000000,26.087019,0.3728328,23.367825,160.48354,-144.23126,4.1788917
2025-04-14 17:22:34.000000,26.087437,0.3735141,23.367977,160.48479,-144.2317,4.17901
2025-04-14 17:22:37.000000,26.08832,0.3727609,23.368553,160.48695,-144.23262,4.1788545
2025-04-14 17:22:40.000000,26.08832,0.3730372,23.36832,160.48587,-144.23184,4.178852
2025-04-14 17:22:43.000000,26.088476,0.3730334,23.368347,160.48593,-144.23175,4.1788344
2025-04-14 17:22:46.000000,26.088646,0.37305233,23.368385,160.48607,-144.2317,4.17882
2025-04-14 17:22:49.000000,26.088772,0.37304476,23.368412,160.48616,-144.23169,4.1788077
2025-04-14 17:22:52.000000,26.088821,0.37307504,23.36841,160.48611,-144.23157,4.1788034
2025-04-14 17:22:55.000000,26.088886,0.37307125,23.368423,160.48616,-144.23157,4.1787996
2025-04-14 17:22:58.000000,26.08897,0.37309396,23.368446,160.4863,-144.23157,4.1787972
2025-04-14 17:23:01.000000,26.088999,0.37312046,23.368446,160.4863,-144.23155,4.1787972
2025-04-14 17:23:04.000000,26.089056,0.37309396,23.368467,160.48639,-144.23157,4.178792
2025-04-14 17:23:07.000000,26.089077,0.37314695,23.368465,160.48639,-144.23152,4.178796
2025-04-14 17:23:10.000000,26.089106,0.37313938,23.368473,160.48642,-144.23155,4.1787934
2025-04-14 17:23:13.000000,26.089106,0.37317723,23.368454,160.48634,-144.23149,4.1787972
2025-04-14 17:23:16.000000,26.089127,0.37317345,23.368462,160.48637,-144.23149,4.178796
2025-04-14 17:23:19.000000,26.089169,0.37316966,23.36848,160.48648,-144.23155,4.178797
2025-04-14 17:23:22.000000,26.089169,0.3731848,23.368477,160.48648,-144.23154,4.178796
2025-04-14 17:23:25.000000,26.089176,0.37317723,23.368477,160.48645,-144.23154,4.1787944
2025-04-14 17:23:28.000000,26.089176,0.37318859,23.368467,160.4864,-144.23149,4.178796
2025-04-14 17:23:31.000000,26.089176,0.37318102,23.368473,160.48643,-144.2315,4.1787963
2025-04-14 17:23:34.000000,26.089176,0.37318102,23.368473,160.48643,-144.23149,4.178797
2025-04-14 17:23:37.000000,26.089176,0.37318859,23.368473,160.48643,-144.23149,4.178797
2025-04-14 17:23:40.000000,26.089182,0.37318859,23.368473,160.48645,-144.23149,4.1787977
2025-04-14 17:23:43.000000,26.089182,0.37319615,23.368473,160.48643,-144.23149,4.178797
2025-04-14 17:23:46.000000,26.089182,0.37318859,23.368473,160.48643,-144.23149,4.1787972
2025-04-14 17:23:49.000000,26.08919,0.37319615,23.368473,160.48643,-144.2315,4.1787972
2025-04-14 17:23:52.000000,26.08919,0.37319615,23.368473,160.48643,-144.23149,4.178797
2025-04-14 17:23:55.000000,26.08919,0.37320372,23.368473,160.48645,-144.23149,4.1787972
2025-04-14 17:23:58.000000,26.08919,0.37319615,23.368473,160.48643,-144.23149,4.1787972
2025-04-14 17:24:01.000000,26.08919,0.37319615,23.368473,160.48643,-144.23149,4.1787972
2025-04-14 17:24:04.000000,26.08919,0.37319615,23.368473,160.48645,-144.23149,4.1787972
2025-04-14 17:24:07.000000,26.08919,0.37319994,23.368473,160.48643,-144.23149,4.1787972
2025-04-14 17:24:10.000000,26.08919,0.37319615,23.368473,160.48643,-144.23149,4.1787972
2025-04-14 17:24:13.000000,26.089182,0.37319615,23.368473,160.48643,-144.23149,4.178797
2025-04-14 17:24:16.000000,26.08919,0.37319615,23.368473,160.48643,-144.23149,4.1787972
2025-04-14 17:24:19.000000,26.08919,0.37319615,23.368473,160.48643,-144.23149,4.178797
2025-04-14 17:24:22.000000,26.08919,0.37320372,23.368473,160.48645,-144.23148,4.1787972
2025-04-14 17:24:25.000000,26.08919,0.37319615,23.368473,160.48643,-144.23149,4.1787972
2025-04-14 17:24:28.000000,26.08919,0.37320372,23.368473,160.48643,-144.23149,4.178797
2025-04-14 17:24:31.000000,26.08919,0.37319615,23.368473,160.48645,-144.23149,4.178797
2025-04-14 17:24:34.000000,26.08919,0.37319615,23.368473,160.48643,-144.23149,4.1787972
2025-04-14 17:24:37.000000,26.08919,0.37320372,23.368473,160.48643,-144.23149,4.1787972
2025-04-14 17:24:40.000000,26.08919,0.37319615,23.368473,160.48643,-144.23149,4.1787972
2025-04-14 17:24:43.000000,26.08919,0.37319615,23.368473,160.48645,-144.23149,4.178797
2025-04-14 17:24:46.000000,26.08919,0.37319615,23.368473,160.48645,-144.23149,4.1787972
2025-04-14 17:24:49.000000,26.08919,0.37319615,23.368473,160.48643,-144.23149,4.1787972
2025-04-14 17:24:52.000000,26.08919,0.37319615,23.368473,160.48643,-144.23149,4.1787972
2025-04-14 17:24:55.000000,26.08919,0.37319615,23.368473,160.48643,-144.23149,4.1787972
2025-04-14 17:24:58.000000,26.089182,0.37319615,23.368473,160.48643,-144.23149,4.178797
2025-04-14 17:25:01.000000,26.08919,0.37319615,23.368473,160.48643,-144.23149,4.178797
2025-04-14 17:25:04.000000,26.08919,0.37319615,23.368473,160.48645,-144.23149,4.1787972
2025-04-14 17:25:07.000000,26.08919,0.37319615,23.368473,160.48645,-144.23149,4.178797
2025-04-14 17:25:10.000000,26.08919,0.37319615,23.368473,160.48643,-144.23149,4.178797
2025-04-14 17:25:13.000000,26.08919,0.37320372,23.368473,160.48645,-144.23149,4.1787972
2025-04-14 17:25:16.000000,26.08919,0.37319615,23.368473,160.48643,-144.23149,4.1787972
2025-04-14 17:25:19.000000,26.08919,0.37319615,23.368473,160.48643,-144.23149,4.1787972
2025-04-14 17:25:22.000000,26.08919,0.37319615,23.368473,160.48643,-144.23149,4.1787972
2025-04-14 17:25:25.000000,26.08919,0.37319615,23.368473,160.48645,-144.23149,4.1787972
2025-04-14 17:25:28.000000,26.08919,0.37319615,23.368473,160.48643,-144.23149,4.1787972
2025-04-14 17:25:31.000000,26.08919,0.37320372,23.368473,160.48645,-144.23149,4.178797
2025-04-14 17:25:34.000000,26.08919,0.37320372,23.368473,160.48645,-144.23149,4.1787972
2025-04-14 17:25:37.000000,26.08919,0.37320372,23.368473,160.48645,-144.23149,4.1787972
2025-04-14 17:25:40.000000,26.08919,0.37319615,23.368473,160.48643,-144.23149,4.178797
2025-04-14 17:25:43.000000,26.08919,0.37319615,23.368473,160.48643,-144.23149,4.1787972
2025-04-14 17:25:46.000000,26.08919,0.37319615,23.368473,160.48643,-144.23149,4.178797
2025-04-14 17:25:49.000000,26.08919,0.37319615,23.368473,160.48643,-144.23149,4.178797
2025-04-14 17:25:52.000000,26.089182,0.37318859,23.368473,160.48643,-144.23149,4.1787972
2025-04-14 17:25:55.000000,26.08919,0.37319615,23.368473,160.48643,-144.23149,4.178797
2025-04-14 17:25:58.000000,26.089197,0.37319615,23.368473,160.48643,-144.23149,4.178797
2025-04-14 17:26:01.000000,26.08919,0.37319615,23.368473,160.48645,-144.23149,4.1787972
2025-04-14 17:26:04.000000,26.08919,0.37319615,23.368473,160.48643,-144.23149,4.1787972
2025-04-14 17:26:07.000000,26.08919,0.37319615,23.368473,160.48643,-144.23149,4.178797
2025-04-14 17:26:10.000000,26.089182,0.37319615,23.368473,160.48645,-144.23149,4.178797
2025-04-14 17:26:13.000000,26.08919,0.37319615,23.368473,160.48645,-144.23149,4.178797
2025-04-14 17:26:16.000000,26.08919,0.37320372,23.368473,160.48643,-144.23149,4.1787972
2025-04-14 17:26:19.000000,26.08919,0.37319615,23.368473,160.48643,-144.23149,4.178797
2025-04-14 17:26:22.000000,26.08919,0.37319615,23.368473,160.48643,-144.23149,4.178797
2025-04-14 17:26:25.000000,26.08919,0.37320372,23.368473,160.48643,-144.23149,4.178797
2025-04-14 17:26:28.000000,26.08919,0.37319615,23.368473,160.48643,-144.23149,4.1787972
2025-04-14 17:26:31.000000,26.08919,0.37319615,23.368473,160.48643,-144.23149,4.178797
2025-04-14 17:26:34.000000,26.08919,0.37319615,23.368473,160.48643,-144.23149,4.1787972
2025-04-14 17:26:37.000000,26.08919,0.37319615,23.368473,160.48643,-144.23149,4.178797
2025-04-14 17:26:40.000000,26.08919,0.37319615,23.368473,160.48643,-144.23149,4.1787972
2025-04-14 17:26:43.000000,26.089182,0.37319615,23.368473,160.48645,-144.23149,4.1787972
2025-04-14 17:26:46.000000,26.08919,0.37319615,23.368473,160.48643,-144.23149,4.178797
2025-04-14 17:26:49.000000,26.08919,0.37319615,23.368473,160.48643,-144.23149,4.1787972
2025-04-14 17:26:52.000000,26.08919,0.37319615,23.368473,160.48645,-144.23149,4.1787972
2025-04-14 17:26:55.000000,26.08919,0.37319615,23.368473,160.48643,-144.23149,4.178797
2025-04-14 17:26:58.000000,26.08919,0.37320372,23.368473,160.48645,-144.23149,4.1787972
2025-04-14 17:27:01.000000,26.08919,0.37319615,23.368473,160.48645,-144.23149,4.1787972
2025-04-14 17:27:04.000000,26.08919,0.37319615,23.368473,160.48643,-144.23149,4.1787972
2025-04-14 17:27:07.000000,26.08919,0.37319615,23.368473,160.48643,-144.23149,4.1787972
2025-04-14 17:27:10.000000,26.08919,0.37319615,23.368473,160.48643,-144.23149,4.178797
2025-04-14 17:27:13.000000,26.08919,0.37319615,23.368473,160.48643,-144.23149,4.178797
2025-04-14 17:27:16.000000,26.08919,0.37319615,23.368473,160.48645,-144.23149,4.1787972
2025-04-14 17:27:19.000000,26.08919,0.37319615,23.368473,160.48643,-144.23149,4.178797
2025-04-14 17:27:22.000000,26.08919,0.37319615,23.368473,160.48645,-144.23149,4.178797
2025-04-14 17:27:25.000000,26.08919,0.37318859,23.368473,160.48643,-144.23149,4.1787972
2025-04-14 17:27:28.000000,26.08919,0.37320372,23.368473,160.48645,-144.23149,4.1787972
2025-04-14 17:27:31.000000,26.08919,0.37319615,23.368473,160.48643,-144.23149,4.1787972
2025-04-14 17:27:34.000000,26.08919,0.37320372,23.368473,160.48645,-144.23149,4.1787972
2025-04-14 17:27:37.000000,26.08919,0.37319615,23.368473,160.48643,-144.23149,4.178797
2025-04-14 17:27:40.000000,26.08919,0.37319615,23.368473,160.48643,-144.23149,4.1787972
2025-04-14 17:27:43.000000,26.08919,0.37319615,23.368473,160.48643,-144.23149,4.1787972
2025-04-14 17:27:46.000000,26.08919,0.37319615,23.368473,160.48643,-144.23149,4.178797
2025-04-14 17:27:49.000000,26.08919,0.37319615,23.368473,160.48643,-144.23149,4.1787972
2025-04-14 17:27:52.000000,26.08919,0.37319615,23.368473,160.48643,-144.23149,4.1787972
2025-04-14 17:27:55.000000,26.08919,0.37319615,23.368473,160.48643,-144.23149,4.178797
2025-04-14 17:27:58.000000,26.08919,0.37319615,23.368473,160.48643,-144.23149,4.1787972
2025-04-14 17:28:01.000000,26.08919,0.37319615,23.368473,160.48643,-144.23149,4.1787972
2025-04-14 17:28:04.000000,26.08919,0.37320372,23.368473,160.48643,-144.23149,4.1787972
2025-04-14 17:28:07.000000,26.08919,0.37319615,23.368473,160.48643,-144.23149,4.1787972
2025-04-14 17:28:10.000000,26.08919,0.37319615,23.368473,160.48643,-144.23149,4.1787972
2025-04-14 17:28:13.000000,26.089197,0.37320372,23.368473,160.48645,-144.23149,4.1787972
2025-04-14 17:28:16.000000,26.08919,0.37319615,23.368473,160.48645,-144.23149,4.178797
2025-04-14 17:28:19.000000,26.08919,0.37319615,23.368473,160.48643,-144.23149,4.178797
2025-04-14 17:28:22.000000,26.089197,0.37319615,23.368473,160.48643,-144.23149,4.1787972
2025-04-14 17:28:25.000000,26.089182,0.37319615,23.368473,160.48643,-144.23149,4.1787972
2025-04-14 17:28:28.000000,26.08919,0.37319615,23.368473,160.48645,-144.23149,4.178797
2025-04-14 17:28:31.000000,26.08919,0.37319615,23.368473,160.48643,-144.23149,4.1787972
2025-04-14 17:28:34.000000,26.08919,0.37319615,23.368473,160.48645,-144.23149,4.1787972
2025-04-14 17:28:37.000000,26.08919,0.37319615,23.368473,160.48643,-144.23149,4.1787972
2025-04-14 17:28:40.000000,26.08919,0.37320372,23.368473,160.48645,-144.23149,4.1787972
2025-04-14 17:28:43.000000,26.089182,0.37319615,23.368473,160.48645,-144.23149,4.1787972
2025-04-14 17:28:46.000000,26.08919,0.37319615,23.368473,160.48643,-144.23149,4.178797
2025-04-14 17:28:49.000000,26.08919,0.37319615,23.368473,160.48643,-144.23149,4.178797
2025-04-14 17:28:52.000000,26.08919,0.37319615,23.368473,160.48643,-144.23149,4.178797
2025-04-14 17:28:55.000000,26.08919,0.37319615,23.368473,160.48643,-144.23149,4.1787972
2025-04-14 17:28:58.000000,26.08919,0.37319615,23.368473,160.48643,-144.23149,4.1787972
2025-04-14 17:29:01.000000,26.08919,0.37319615,23.368473,160.48643,-144.23149,4.1787972
2025-04-14 17:29:04.000000,26.08919,0.37320372,23.368473,160.48645,-144.23148,4.1787972
2025-04-14 17:29:07.000000,26.08919,0.37319615,23.368473,160.48645,-144.23149,4.1787977
2025-04-14 17:29:10.000000,26.08919,0.37319615,23.368473,160.48643,-144.23149,4.1787972
2025-04-14 17:29:13.000000,26.08919,0.37320372,23.368473,160.48645,-144.23148,4.1787972
2025-04-14 17:29:16.000000,26.08919,0.37319615,23.368473,160.48643,-144.23149,4.1787972
2025-04-14 17:29:19.000000,26.08919,0.37319615,23.368473,160.48643,-144.23149,4.1787972
2025-04-14 17:29:22.000000,26.08919,0.37319615,23.368473,160.48643,-144.23149,4.1787972
2025-04-14 17:29:25.000000,26.08919,0.37319615,23.368473,160.48643,-144.23149,4.178797
2025-04-14 17:29:28.000000,26.08919,0.37319615,23.368473,160.48645,-144.23149,4.1787972
2025-04-14 17:29:31.000000,26.08919,0.37319615,23.368473,160.48643,-144.23149,4.1787972
2025-04-14 17:29:34.000000,26.08919,0.37319615,23.368473,160.48643,-144.23149,4.178797
2025-04-14 17:29:37.000000,26.08919,0.37319615,23.368473,160.48643,-144.23149,4.1787972
2025-04-14 17:29:40.000000,26.08919,0.37319615,23.368473,160.48643,-144.23149,4.178797
2025-04-14 17:29:43.000000,26.089182,0.37319615,23.368473,160.48645,-144.23149,4.1787972
2025-04-14 17:29:46.000000,26.08919,0.37320372,23.368473,160.48645,-144.23149,4.178797
2025-04-14 17:29:49.000000,26.08919,0.37319615,23.368473,160.48643,-144.23149,4.178797
2025-04-14 17:29:52.000000,26.08919,0.37319615,23.368473,160.48645,-144.23149,4.178797
2025-04-14 17:29:55.000000,26.08919,0.37319615,23.368473,160.48645,-144.23149,4.178797
2025-04-14 17:29:58.000000,26.08919,0.37319615,23.368473,160.48645,-144.23149,4.1787972
2025-04-14 17:30:01.000000,26.08919,0.37319615,23.368473,160.48643,-144.23149,4.1787972
2025-04-14 17:30:04.000000,26.08919,0.37319615,23.368473,160.48645,-144.23149,4.178797
2025-04-14 17:30:07.000000,26.08919,0.37319615,23.368473,160.48643,-144.23149,4.1787972
2025-04-14 17:30:10.000000,26.08919,0.37319615,23.368473,160.48643,-144.23149,4.178797
2025-04-14 17:30:13.000000,26.08919,0.37320372,23.368473,160.48643,-144.23149,4.1787972
2025-04-14 17:30:16.000000,26.08919,0.37319615,23.368473,160.48643,-144.23149,4.1787972
2025-04-14 17:30:19.000000,26.08919,0.37319615,23.368473,160.48643,-144.23149,4.1787972
2025-04-14 17:30:22.000000,26.08919,0.37319615,23.368473,160.48643,-144.23149,4.1787972
2025-04-14 17:30:25.000000,26.08919,0.37319615,23.368473,160.48643,-144.23149,4.178797
2025-04-14 17:30:28.000000,26.08919,0.37319615,23.368473,160.48643,-144.23149,4.1787972
2025-04-14 17:30:31.000000,26.08919,0.37319615,23.368473,160.48643,-144.23149,4.1787972
2025-04-14 17:30:34.000000,26.08919,0.37320372,23.368473,160.48643,-144.23149,4.1787972
2025-04-14 17:30:37.000000,26.08919,0.37319615,23.368473,160.48645,-144.23149,4.1787972
2025-04-14 17:30:40.000000,26.08919,0.37320372,23.368473,160.48643,-144.23149,4.1787972
2025-04-14 17:30:43.000000,26.08919,0.37319615,23.368473,160.48643,-144.23149,4.1787972
2025-04-14 17:30:46.000000,26.08919,0.37319615,23.368473,160.48643,-144.23149,4.178797
2025-04-14 17:30:49.000000,26.08919,0.37319615,23.368473,160.48643,-144.23149,4.1787972
2025-04-14 17:30:52.000000,26.08919,0.37319615,23.368473,160.48643,-144.23149,4.178797
2025-04-14 17:30:55.000000,26.08919,0.37319615,23.368473,160.48643,-144.23149,4.1787972
2025-04-14 17:30:58.000000,26.08919,0.37319615,23.368473,160.48643,-144.23149,4.1787972
2025-04-14 17:31:01.000000,26.08919,0.37319615,23.368473,160.48643,-144.23149,4.1787972
2025-04-14 17:31:04.000000,26.08919,0.37319615,23.368473,160.48643,-144.23149,4.1787972
2025-04-14 17:31:07.000000,26.08919,0.37319615,23.368473,160.48645,-144.23149,4.1787972
2025-04-14 17:31:10.000000,26.08919,0.37319615,23.368473,160.48643,-144.23149,4.1787972
2025-04-14 17:31:13.000000,26.08919,0.37319615,23.368473,160.48643,-144.23149,4.1787972
2025-04-14 17:31:16.000000,26.08919,0.37319615,23.368473,160.48645,-144.23149,4.1787972
2025-04-14 17:31:19.000000,26.08919,0.37319615,23.368473,160.48643,-144.23149,4.178797
2025-04-14 17:31:22.000000,26.08919,0.37319615,23.368473,160.48643,-144.23149,4.178797
2025-04-14 17:31:25.000000,26.08919,0.37319615,23.368473,160.48643,-144.23149,4.1787972
2025-04-14 17:31:28.000000,26.08919,0.37319615,23.368473,160.48643,-144.23149,4.1787972
2025-04-14 17:31:31.000000,26.08919,0.37320372,23.368473,160.48645,-144.23149,4.1787972
2025-04-14 17:31:34.000000,26.08919,0.37319615,23.368473,160.48643,-144.23149,4.1787972
2025-04-14 17:31:37.000000,26.08919,0.37319615,23.368473,160.48643,-144.23149,4.1787972
2025-04-14 17:31:40.000000,26.08919,0.37319615,23.368473,160.48643,-144.23149,4.1787972
2025-04-14 17:31:43.000000,26.08919,0.37319615,23.368473,160.48645,-144.23149,4.1787972
2025-04-14 17:31:46.000000,26.08919,0.37320372,23.368473,160.48645,-144.23149,4.1787972
2025-04-14 17:31:49.000000,26.08919,0.37319615,23.368473,160.48645,-144.23149,4.1787972
2025-04-14 17:31:52.000000,26.08919,0.37319615,23.368473,160.48643,-144.23149,4.1787972
2025-04-14 17:31:55.000000,26.08919,0.37319615,23.368473,160.48643,-144.23149,4.1787972
2025-04-14 17:31:58.000000,26.089182,0.37319615,23.368473,160.48645,-144.23149,4.1787972
2025-04-14 17:32:01.000000,26.08919,0.37318859,23.368473,160.48643,-144.23149,4.178797
2025-04-14 17:32:04.000000,26.08919,0.37320372,23.368473,160.48645,-144.23149,4.178797
2025-04-14 17:32:07.000000,26.08919,0.37319615,23.368473,160.48643,-144.23149,4.1787972
2025-04-14 17:32:10.000000,26.089182,0.37319615,23.368473,160.48643,-144.23149,4.1787972
2025-04-14 17:32:13.000000,26.08919,0.37320372,23.368473,160.48645,-144.23149,4.1787972
2025-04-14 17:32:16.000000,26.08919,0.37319615,23.368473,160.48643,-144.23149,4.178797
2025-04-14 17:32:19.000000,26.08919,0.37320372,23.368473,160.48643,-144.23149,4.1787972
2025-04-14 17:32:22.000000,26.08919,0.37319615,23.368473,160.48643,-144.23149,4.1787972
2025-04-14 17:32:25.000000,26.08919,0.37319615,23.368473,160.48643,-144.23149,4.1787972
2025-04-14 17:32:28.000000,26.08919,0.37319615,23.368473,160.48643,-144.23149,4.1787972
2025-04-14 17:32:31.000000,26.08919,0.37320372,23.368473,160.48645,-144.23149,4.1787972
2025-04-14 17:32:34.000000,26.08919,0.37319615,23.368473,160.48643,-144.23149,4.1787972
2025-04-14 17:32:37.000000,26.08919,0.37319615,23.368473,160.48643,-144.23149,4.1787972
2025-04-14 17:32:40.000000,26.089197,0.37319615,23.368473,160.48643,-144.23149,4.1787972
2025-04-14 17:32:43.000000,26.089197,0.37320372,23.368473,160.48645,-144.23149,4.1787972
2025-04-14 17:32:46.000000,26.08919,0.37319615,23.368473,160.48643,-144.23149,4.178797
2025-04-14 17:32:49.000000,26.08919,0.37319615,23.368473,160.48643,-144.23149,4.1787972
2025-04-14 17:32:52.000000,26.08919,0.37319615,23.368473,160.48643,-144.23149,4.1787972
2025-04-14 17:32:55.000000,26.089182,0.37319615,23.368473,160.48643,-144.23149,4.1787972
2025-04-14 17:32:58.000000,26.08919,0.37319615,23.368473,160.48643,-144.23149,4.1787972
2025-04-14 17:33:01.000000,26.08919,0.37319615,23.368473,160.48645,-144.23149,4.1787972
2025-04-14 17:33:04.000000,26.08919,0.37319615,23.368473,160.48643,-144.23149,4.1787972
2025-04-14 17:33:07.000000,26.08919,0.37319615,23.368473,160.48643,-144.23149,4.1787972
2025-04-14 17:33:10.000000,26.08919,0.37319615,23.368473,160.48645,-144.23149,4.178797
2025-04-14 17:33:13.000000,26.08919,0.37319615,23.368473,160.48643,-144.23149,4.178797
2025-04-14 17:33:16.000000,26.089182,0.37319615,23.368473,160.48643,-144.23149,4.178797
2025-04-14 17:33:19.000000,26.08919,0.37319615,23.368473,160.48645,-144.23149,4.1787977
2025-04-14 17:33:22.000000,26.08919,0.37319615,23.368473,160.48643,-144.23149,4.1787972
2025-04-14 17:33:25.000000,26.08919,0.37319615,23.368473,160.48643,-144.23149,4.1787972
2025-04-14 17:33:28.000000,26.08919,0.37319615,23.368473,160.48645,-144.23149,4.1787977
2025-04-14 17:33:31.000000,26.089182,0.37319615,23.368473,160.48645,-144.23149,4.1787972
2025-04-14 17:33:34.000000,26.08919,0.37320372,23.368473,160.48645,-144.23149,4.1787972
2025-04-14 17:33:37.000000,26.08919,0.37319615,23.368473,160.48645,-144.23149,4.178797
2025-04-14 17:33:40.000000,26.08919,0.37319615,23.368473,160.48645,-144.23149,4.1787972
2025-04-14 17:33:43.000000,26.08919,0.37319615,23.368473,160.48643,-144.23149,4.1787972
2025-04-14 17:33:46.000000,26.08919,0.37319615,23.368473,160.48643,-144.23149,4.1787972
2025-04-14 17:33:49.000000,26.08919,0.37320372,23.368473,160.48645,-144.23149,4.1787972
2025-04-14 17:33:52.000000,26.08919,0.37319615,23.368473,160.48643,-144.23149,4.1787972
2025-04-14 17:33:55.000000,26.08919,0.37319615,23.368473,160.48643,-144.23149,4.178797
2025-04-14 17:33:58.000000,26.08919,0.37320372,23.368473,160.48643,-144.23149,4.1787972
2025-04-14 17:34:01.000000,26.08919,0.37319615,23.368473,160.48643,-144.23149,4.178797
2025-04-14 17:34:04.000000,26.08919,0.37319615,23.368473,160.48643,-144.23149,4.178797
2025-04-14 17:34:07.000000,26.089182,0.37319615,23.368473,160.48643,-144.23149,4.178797
2025-04-14 17:34:10.000000,26.08919,0.37319615,23.368473,160.48643,-144.23149,4.178797
2025-04-14 17:34:13.000000,26.08919,0.37320372,23.368473,160.48643,-144.23149,4.1787972
2025-04-14 17:34:16.000000,26.08919,0.37319615,23.368473,160.48643,-144.23149,4.178797
2025-04-14 17:34:19.000000,26.08919,0.37319615,23.368473,160.48643,-144.23149,4.178797
2025-04-14 17:34:22.000000,26.08919,0.37319615,23.368473,160.48645,-144.23149,4.1787972
2025-04-14 17:34:25.000000,26.08919,0.37319615,23.368473,160.48643,-144.23149,4.178797
2025-04-14 17:34:28.000000,26.08919,0.37320372,23.368473,160.48643,-144.23149,4.1787972
2025-04-14 17:34:31.000000,26.08919,0.37320372,23.368473,160.48645,-144.23149,4.1787972
2025-04-14 17:34:34.000000,26.08919,0.37319615,23.368473,160.48643,-144.23149,4.178797
2025-04-14 17:34:37.000000,26.08919,0.37320372,23.368473,160.48645,-144.23149,4.1787972
2025-04-14 17:34:40.000000,26.089182,0.37319615,23.368473,160.48643,-144.23149,4.178797
2025-04-14 17:34:43.000000,26.08919,0.37319615,23.368473,160.48643,-144.23149,4.178797
2025-04-14 17:34:46.000000,26.08919,0.37319615,23.368473,160.48643,-144.23149,4.178797
2025-04-14 17:34:49.000000,26.08919,0.37319615,23.368473,160.48643,-144.23149,4.1787972
2025-04-14 17:34:52.000000,26.08919,0.37319615,23.368473,160.48643,-144.23149,4.1787972
2025-04-14 17:34:55.000000,26.08919,0.37319615,23.368473,160.48643,-144.23149,4.1787972
2025-04-14 17:34:58.000000,26.08919,0.37319615,23.368473,160.48645,-144.23149,4.1787972
2025-04-14 17:35:01.000000,26.08919,0.37319615,23.368473,160.48643,-144.23149,4.1787972
2025-04-14 17:35:04.000000,26.08919,0.37320372,23.368473,160.48645,-144.23149,4.1787972
2025-04-14 17:35:07.000000,26.08919,0.37320372,23.368473,160.48643,-144.23149,4.1787972
2025-04-14 17:35:10.000000,26.089182,0.37319615,23.368473,160.48645,-144.23149,4.178797
2025-04-14 17:35:13.000000,26.08919,0.37320372,23.368473,160.48645,-144.23149,4.1787972
2025-04-14 17:35:16.000000,26.08919,0.37319615,23.368473,160.48643,-144.23149,4.1787972
2025-04-14 17:35:19.000000,26.08919,0.37319615,23.368473,160.48643,-144.23149,4.1787972
2025-04-14 17:35:22.000000,26.08919,0.37319615,23.368473,160.48643,-144.23149,4.1787972
2025-04-14 17:35:25.000000,26.08919,0.37319615,23.368473,160.48643,-144.23149,4.1787972
2025-04-14 17:35:28.000000,26.08919,0.37319615,23.368473,160.48643,-144.23149,4.178797
2025-04-14 17:35:31.000000,26.08919,0.37319615,23.368473,160.48643,-144.23149,4.1787972
2025-04-14 17:35:34.000000,26.08919,0.37319615,23.368473,160.48643,-144.23149,4.1787972
2025-04-14 17:35:37.000000,26.08919,0.37319615,23.368473,160.48643,-144.23149,4.1787972
2025-04-14 17:35:40.000000,26.08919,0.37319615,23.368473,160.48643,-144.23149,4.1787972
2025-04-14 17:35:43.000000,26.08919,0.37319615,23.368473,160.48643,-144.23149,4.1787972
2025-04-14 17:35:46.000000,26.08919,0.37319615,23.368473,160.48645,-144.23149,4.1787972
2025-04-14 17:35:49.000000,26.08919,0.37319615,23.368473,160.48643,-144.23149,4.1787972
2025-04-14 17:35:52.000000,26.08919,0.37319615,23.368473,160.48643,-144.23149,4.178797
2025-04-14 17:35:55.000000,26.08919,0.37320372,23.368473,160.48643,-144.23149,4.178797
2025-04-14 17:35:58.000000,26.08919,0.37319615,23.368473,160.48643,-144.23149,4.178797
2025-04-14 17:36:01.000000,26.08919,0.37319615,23.368473,160.48643,-144.23149,4.1787972
2025-04-14 17:36:04.000000,26.08919,0.37320372,23.368473,160.48643,-144.23149,4.1787972
2025-04-14 17:36:07.000000,26.08919,0.37320372,23.368473,160.48643,-144.23149,4.1787972
2025-04-14 17:36:10.000000,26.08919,0.37319615,23.368473,160.48643,-144.23149,4.1787972
2025-04-14 17:36:13.000000,26.08919,0.37319615,23.368473,160.48643,-144.23149,4.178797
2025-04-14 17:36:16.000000,26.08919,0.37319615,23.368473,160.48643,-144.23149,4.1787972
2025-04-14 17:36:19.000000,26.08919,0.37319615,23.368473,160.48643,-144.23149,4.178797
2025-04-14 17:36:22.000000,26.08919,0.37319615,23.368473,160.48643,-144.23149,4.1787977
2025-04-14 17:36:25.000000,26.08919,0.37319615,23.368473,160.48643,-144.23149,4.178797
2025-04-14 17:36:28.000000,26.08919,0.37319615,23.368473,160.48643,-144.23149,4.1787972
2025-04-14 17:36:31.000000,26.08919,0.37319615,23.368473,160.48643,-144.23149,4.178797
2025-04-14 17:36:34.000000,26.08919,0.37319615,23.368473,160.48643,-144.23149,4.1787972
2025-04-14 17:36:37.000000,26.08919,0.37319615,23.368473,160.48643,-144.23149,4.1787972
2025-04-14 17:36:40.000000,26.08919,0.37320372,23.368473,160.48643,-144.23149,4.1787972
2025-04-14 17:36:43.000000,26.08919,0.37319615,23.368473,160.48643,-144.23149,4.1787972
2025-04-14 17:36:46.000000,26.08919,0.37319615,23.368473,160.48643,-144.23149,4.178797
2025-04-14 17:36:49.000000,26.08919,0.37319615,23.368473,160.48643,-144.23149,4.1787972
2025-04-14 17:36:52.000000,26.089182,0.37319615,23.368473,160.48643,-144.23149,4.178797
2025-04-14 17:36:55.000000,26.08919,0.37319615,23.368473,160.48643,-144.23149,4.1787972
2025-04-14 17:36:58.000000,26.08919,0.37319615,23.368473,160.48643,-144.23149,4.1787972
2025-04-14 17:37:01.000000,26.08919,0.37319615,23.368473,160.48645,-144.23149,4.178797
2025-04-14 17:37:04.000000,26.089197,0.37320372,23.368473,160.48645,-144.23149,4.1787972
2025-04-14 17:37:07.000000,26.08919,0.37319615,23.368473,160.48643,-144.23149,4.1787972
2025-04-14 17:37:10.000000,26.08919,0.37319615,23.368473,160.48643,-144.23149,4.1787972
2025-04-14 17:37:13.000000,26.08919,0.37320372,23.368473,160.48645,-144.23149,4.1787972
2025-04-14 17:37:16.000000,26.089197,0.37319615,23.368473,160.48643,-144.23149,4.1787972
2025-04-14 17:37:19.000000,26.08919,0.37319615,23.368473,160.48643,-144.23149,4.178797
2025-04-14 17:37:22.000000,26.08919,0.37319615,23.368473,160.48643,-144.23149,4.178797
2025-04-14 17:37:25.000000,26.08919,0.37319615,23.368473,160.48643,-144.23149,4.178797
2025-04-14 17:37:28.000000,26.089182,0.37319615,23.368473,160.48645,-144.23149,4.1787972
2025-04-14 17:37:31.000000,26.08919,0.37320372,23.368473,160.48645,-144.23149,4.178797
2025-04-14 17:37:34.000000,26.08919,0.37319615,23.368473,160.48643,-144.23149,4.178797
2025-04-14 17:37:37.000000,26.089182,0.37319615,23.368473,160.48643,-144.23149,4.178797
2025-04-14 17:37:40.000000,26.08919,0.37319615,23.368473,160.48643,-144.23149,4.178797
2025-04-14 17:37:43.000000,26.089182,0.37319615,23.368473,160.48643,-144.23149,4.1787972
2025-04-14 17:37:46.000000,26.08919,0.37319615,23.368473,160.48643,-144.23149,4.1787972
2025-04-14 17:37:49.000000,26.08919,0.37319615,23.368473,160.48643,-144.23149,4.1787972
2025-04-14 17:37:52.000000,26.08919,0.37319615,23.368473,160.48643,-144.23149,4.1787972
2025-04-14 17:37:55.000000,26.08919,0.37319615,23.368473,160.48643,-144.23149,4.1787972
2025-04-14 17:37:58.000000,26.08919,0.37319615,23.368473,160.48643,-144.23149,4.1787972
2025-04-14 17:38:01.000000,26.08919,0.37319615,23.368473,160.48643,-144.23149,4.1787972
2025-04-14 17:38:04.000000,26.08919,0.37319615,23.368473,160.48643,-144.23149,4.1787972
2025-04-14 17:38:07.000000,26.08919,0.37320372,23.368473,160.48643,-144.23149,4.1787972
2025-04-14 17:38:10.000000,26.08919,0.37319615,23.368473,160.48643,-144.23149,4.1787972
2025-04-14 17:38:13.000000,26.08919,0.37319615,23.368473,160.48645,-144.23149,4.1787972
2025-04-14 17:38:16.000000,26.08919,0.37319615,23.368473,160.48643,-144.23149,4.178797
2025-04-14 17:38:19.000000,26.08919,0.37319615,23.368473,160.48643,-144.23149,4.1787972
2025-04-14 17:38:22.000000,26.08919,0.37320372,23.368473,160.48643,-144.23149,4.1787972
2025-04-14 17:38:25.000000,26.08919,0.37319615,23.368473,160.48645,-144.23149,4.178797
2025-04-14 17:38:28.000000,26.08919,0.37319615,23.368473,160.48643,-144.23149,4.178797
2025-04-14 17:38:31.000000,26.08919,0.37319615,23.368473,160.48643,-144.23149,4.1787972
2025-04-14 17:38:34.000000,26.08919,0.37319615,23.368473,160.48643,-144.23149,4.178797
2025-04-14 17:38:37.000000,26.08919,0.37319615,23.368473,160.48643,-144.23149,4.178797
2025-04-14 17:38:40.000000,26.08919,0.37319615,23.368473,160.48643,-144.23149,4.1787972
2025-04-14 17:38:43.000000,26.08919,0.37319615,23.368473,160.48643,-144.23149,4.178797
2025-04-14 17:38:46.000000,26.089197,0.37319615,23.368473,160.48643,-144.23149,4.1787972
2025-04-14 17:38:49.000000,26.08919,0.37319615,23.368473,160.48643,-144.23149,4.1787972
2025-04-14 17:38:52.000000,26.08919,0.37319615,23.368473,160.48643,-144.23149,4.1787972
2025-04-14 17:38:55.000000,26.08919,0.37319615,23.368473,160.48643,-144.23149,4.1787972
2025-04-14 17:38:58.000000,26.08919,0.37319615,23.368473,160.48643,-144.23149,4.1787972
2025-04-14 17:39:01.000000,26.08919,0.37319615,23.368473,160.48643,-144.23149,4.1787972
2025-04-14 17:39:04.000000,26.08919,0.37319615,23.368473,160.48643,-144.23149,4.1787972
2025-04-14 17:39:07.000000,26.08919,0.37319615,23.368473,160.48643,-144.23149,4.1787972
2025-04-14 17:39:10.000000,26.08919,0.37319615,23.368473,160.48643,-144.23149,4.1787972
2025-04-14 17:39:13.000000,26.08919,0.37319615,23.368473,160.48643,-144.23149,4.1787972
2025-04-14 17:39:16.000000,26.08919,0.37319615,23.368473,160.48643,-144.23149,4.1787972
2025-04-14 17:39:19.000000,26.08919,0.37319615,23.368473,160.48643,-144.23149,4.1787972
2025-04-14 17:39:22.000000,26.08919,0.37320372,23.368473,160.48645,-144.23149,4.1787972
2025-04-14 17:39:25.000000,26.08919,0.37319615,23.368473,160.48643,-144.23149,4.1787972
2025-04-14 17:39:28.000000,26.089197,0.37320372,23.368473,160.48643,-144.23149,4.1787972
2025-04-14 17:39:31.000000,26.08919,0.37319615,23.368473,160.48643,-144.23149,4.1787972
2025-04-14 17:39:34.000000,26.08919,0.37319615,23.368473,160.48643,-144.23149,4.1787972
2025-04-14 17:39:37.000000,26.08919,0.37319615,23.368473,160.48643,-144.23149,4.1787972
2025-04-14 17:39:40.000000,26.08919,0.37319615,23.368473,160.48643,-144.23149,4.1787972
2025-04-14 17:39:43.000000,26.08919,0.37319615,23.368473,160.48643,-144.23149,4.1787972
2025-04-14 17:39:46.000000,26.08919,0.37319615,23.368473,160.48643,-144.23149,4.1787972
2025-04-14 17:39:49.000000,26.08919,0.37319615,23.368473,160.48643,-144.23149,4.1787972
2025-04-14 17:39:52.000000,26.089197,0.37320372,23.368473,160.48643,-144.23149,4.1787972
2025-04-14 17:39:55.000000,26.089197,0.37319615,23.36847,160.48643,-144.23149,4.1787972
2025-04-14 17:39:58.000000,26.08919,0.37319615,23.368473,160.48643,-144.23149,4.1787972
2025-04-14 17:40:01.000000,26.089197,0.37319615,23.368473,160.48643,-144.23149,4.1787972
2025-04-14 17:40:04.000000,26.08919,0.37320372,23.368473,160.48645,-144.23149,4.1787972
2025-04-14 17:40:07.000000,26.08919,0.37319615,23.368473,160.48643,-144.23149,4.1787972
2025-04-14 17:40:10.000000,26.08919,0.37319615,23.368473,160.48643,-144.23149,4.1787972
2025-04-14 17:40:13.000000,26.08919,0.37319615,23.368473,160.48643,-144.23149,4.1787972
2025-04-14 17:40:16.000000,26.089197,0.37320372,23.368473,160.48645,-144.23149,4.1787972
2025-04-14 17:40:19.000000,26.08919,0.37319615,23.368473,160.48643,-144.23149,4.1787977
2025-04-14 17:40:22.000000,26.08919,0.37319615,23.368473,160.48643,-144.23149,4.1787972
2025-04-14 17:40:25.000000,26.089197,0.37320372,23.368473,160.48645,-144.23149,4.1787972
2025-04-14 17:40:28.000000,26.08919,0.37319615,23.368473,160.48643,-144.23149,4.1787972
2025-04-14 17:40:31.000000,26.089197,0.37320372,23.368473,160.48645,-144.23149,4.1787972
2025-04-14 17:40:34.000000,26.08919,0.37320372,23.368473,160.48643,-144.23149,4.1787972
2025-04-14 17:40:37.000000,26.08919,0.37319615,23.368473,160.48645,-144.23149,4.1787972
2025-04-14 17:40:40.000000,26.08919,0.37319615,23.368473,160.48643,-144.23149,4.1787972
2025-04-14 17:40:43.000000,26.08919,0.37319615,23.368473,160.48643,-144.23149,4.1787972
2025-04-14 17:40:46.000000,26.08919,0.37319615,23.368473,160.48643,-144.23149,4.1787972
2025-04-14 17:40:49.000000,26.08919,0.37319615,23.368473,160.48643,-144.23149,4.178797
2025-04-14 17:40:52.000000,26.089197,0.37320372,23.368473,160.48643,-144.23149,4.1787972
2025-04-14 17:40:55.000000,26.089182,0.37319615,23.368473,160.48643,-144.23149,4.1787972
2025-04-14 17:40:58.000000,26.08919,0.37319615,23.368473,160.48643,-144.23149,4.1787972
2025-04-14 17:41:01.000000,26.08919,0.37319615,23.368473,160.48643,-144.23149,4.1787972
2025-04-14 17:41:04.000000,26.08919,0.37319615,23.368473,160.48643,-144.23149,4.1787972
2025-04-14 17:41:07.000000,26.08919,0.37320372,23.368473,160.48645,-144.23149,4.1787972
2025-04-14 17:41:10.000000,26.08919,0.37318859,23.368473,160.48643,-144.23149,4.178797
2025-04-14 17:41:13.000000,26.08919,0.37320372,23.368473,160.48643,-144.23149,4.178797
2025-04-14 17:41:16.000000,26.08919,0.37319615,23.368473,160.48645,-144.23149,4.1787972
2025-04-14 17:41:19.000000,26.08919,0.37320372,23.368473,160.48645,-144.23149,4.1787972
2025-04-14 17:41:22.000000,26.08919,0.37319615,23.368473,160.48645,-144.23149,4.1787972
2025-04-14 17:41:25.000000,26.08919,0.37319615,23.368473,160.48643,-144.23149,4.1787972
2025-04-14 17:41:28.000000,26.08919,0.37319615,23.368473,160.48645,-144.23149,4.178797
2025-04-14 17:41:31.000000,26.08919,0.37319615,23.368473,160.48643,-144.23149,4.178797
2025-04-14 17:41:34.000000,26.08919,0.37319615,23.368473,160.48643,-144.23149,4.178797
2025-04-14 17:41:37.000000,26.08919,0.37319615,23.368473,160.48645,-144.23149,4.1787972
2025-04-14 17:41:40.000000,26.08919,0.37320372,23.368473,160.48643,-144.23149,4.1787972
2025-04-14 17:41:43.000000,26.08919,0.37319615,23.368473,160.48643,-144.23149,4.1787972
2025-04-14 17:41:46.000000,26.08919,0.37319615,23.368473,160.48643,-144.23149,4.1787972
2025-04-14 17:41:49.000000,26.08919,0.37319615,23.368473,160.48645,-144.23149,4.1787972
2025-04-14 17:41:52.000000,26.08919,0.37319615,23.368473,160.48643,-144.23149,4.178797
2025-04-14 17:41:55.000000,26.08919,0.37320372,23.368473,160.48645,-144.23149,4.1787972
2025-04-14 17:41:58.000000,26.08919,0.37319615,23.368473,160.48643,-144.23149,4.1787972
2025-04-14 17:42:01.000000,26.08919,0.37319615,23.368473,160.48643,-144.23149,4.178797
2025-04-14 17:42:04.000000,26.08919,0.37319615,23.368473,160.48643,-144.23149,4.1787972
2025-04-14 17:42:07.000000,26.08919,0.37320372,23.368473,160.48645,-144.23149,4.178797
2025-04-14 17:42:10.000000,26.08919,0.37319615,23.368473,160.48645,-144.23149,4.178797
2025-04-14 17:42:13.000000,26.08919,0.37319615,23.368473,160.48643,-144.23149,4.1787972
2025-04-14 17:42:16.000000,26.08919,0.37320372,23.368473,160.48645,-144.23149,4.178797
2025-04-14 17:42:19.000000,26.08919,0.37319615,23.368473,160.48643,-144.23149,4.178797
2025-04-14 17:42:22.000000,26.08919,0.37319615,23.368473,160.48645,-144.23149,4.1787972
2025-04-14 17:42:25.000000,26.089182,0.37319615,23.368473,160.48643,-144.23149,4.1787972
2025-04-14 17:42:28.000000,26.08919,0.37320372,23.368473,160.48643,-144.23149,4.1787972
2025-04-14 17:42:31.000000,26.08919,0.37319615,23.368473,160.48643,-144.23149,4.1787972
2025-04-14 17:42:34.000000,26.08919,0.37319615,23.368473,160.48643,-144.23149,4.1787972
2025-04-14 17:42:37.000000,26.08919,0.37319615,23.368473,160.48643,-144.23149,4.1787972
2025-04-14 17:42:40.000000,26.08919,0.37319615,23.368473,160.48643,-144.23149,4.1787972
2025-04-14 17:42:43.000000,26.08919,0.37319615,23.368473,160.48645,-144.23149,4.1787972
2025-04-14 17:42:46.000000,26.08919,0.37319615,23.368473,160.48643,-144.23149,4.1787972
2025-04-14 17:42:49.000000,26.08919,0.37320372,23.368473,160.48645,-144.23149,4.178797
2025-04-14 17:42:52.000000,26.08919,0.37319615,23.368473,160.48643,-144.23149,4.1787972
2025-04-14 17:42:55.000000,26.08919,0.37319615,23.368473,160.48643,-144.23149,4.1787972
2025-04-14 17:42:58.000000,26.08919,0.37319615,23.368473,160.48643,-144.23149,4.178797
2025-04-14 17:43:01.000000,26.08919,0.37320372,23.368473,160.48645,-144.23149,4.178797
2025-04-14 17:43:04.000000,26.08919,0.37319615,23.368473,160.48643,-144.23149,4.178797
2025-04-14 17:43:07.000000,26.08919,0.37319615,23.368473,160.48643,-144.23149,4.178797
2025-04-14 17:43:10.000000,26.08919,0.37319615,23.368473,160.48643,-144.23149,4.1787972
2025-04-14 17:43:13.000000,26.08919,0.37319615,23.368473,160.48643,-144.23149,4.1787972
2025-04-14 17:43:16.000000,26.089182,0.37319994,23.36847,160.48643,-144.23149,4.1787972
2025-04-14 17:43:19.000000,26.08919,0.37319615,23.368473,160.48643,-144.23149,4.1787972
2025-04-14 17:43:22.000000,26.08919,0.37319615,23.368473,160.48643,-144.23149,4.1787972
2025-04-14 17:43:25.000000,26.08919,0.37320372,23.368473,160.48643,-144.23149,4.1787972
2025-04-14 17:43:28.000000,26.08919,0.37319615,23.368473,160.48643,-144.23149,4.1787972
2025-04-14 17:43:31.000000,26.08919,0.37319615,23.368473,160.48643,-144.23149,4.178797
2025-04-14 17:43:34.000000,26.08919,0.37319615,23.368473,160.48643,-144.23149,4.178797
2025-04-14 17:43:37.000000,26.08919,0.37319615,23.368473,160.48643,-144.23149,4.1787972
2025-04-14 17:43:40.000000,26.08919,0.37319615,23.368473,160.48645,-144.23149,4.1787972
2025-04-14 17:43:43.000000,26.08919,0.37319615,23.368473,160.48643,-144.23149,4.1787972
2025-04-14 17:43:46.000000,26.08919,0.37319615,23.368473,160.48643,-144.23149,4.1787972
2025-04-14 17:43:49.000000,26.08919,0.37319615,23.368473,160.48643,-144.23149,4.178797
2025-04-14 17:43:52.000000,26.089182,0.37319615,23.368473,160.48643,-144.23149,4.178797
2025-04-14 17:43:55.000000,26.08919,0.37319615,23.368473,160.48643,-144.23149,4.1787972
2025-04-14 17:43:58.000000,26.08919,0.37319615,23.368473,160.48643,-144.23149,4.178797
2025-04-14 17:44:01.000000,26.089182,0.37319615,23.368473,160.48643,-144.23149,4.178797
2025-04-14 17:44:04.000000,26.089197,0.37320372,23.368473,160.48643,-144.23149,4.178797
2025-04-14 17:44:07.000000,26.08919,0.37319615,23.368473,160.48645,-144.23149,4.1787972
2025-04-14 17:44:10.000000,26.08919,0.37320372,23.368473,160.48643,-144.23149,4.1787972
2025-04-14 17:44:13.000000,26.08919,0.37319615,23.368473,160.48643,-144.23149,4.1787972
2025-04-14 17:44:16.000000,26.08919,0.37319615,23.368473,160.48645,-144.23149,4.1787972
2025-04-14 17:44:19.000000,26.08919,0.37319615,23.368473,160.48643,-144.23149,4.1787972
2025-04-14 17:44:22.000000,26.08919,0.37319615,23.368473,160.48643,-144.23149,4.1787972
2025-04-14 17:44:25.000000,26.08919,0.37319615,23.368473,160.48643,-144.23149,4.1787972
2025-04-14 17:44:28.000000,26.08919,0.37319615,23.368473,160.48643,-144.23149,4.1787972
2025-04-14 17:44:31.000000,26.089182,0.37318859,23.368473,160.48643,-144.23149,4.1787972
2025-04-14 17:44:34.000000,26.08919,0.37320372,23.368473,160.48645,-144.23149,4.1787972
2025-04-14 17:44:37.000000,26.08919,0.37319615,23.368473,160.48643,-144.23149,4.1787972
2025-04-14 17:44:40.000000,26.08919,0.37319615,23.368473,160.48643,-144.23149,4.178797
2025-04-14 17:44:43.000000,26.08919,0.37320372,23.368473,160.48645,-144.23149,4.1787972
2025-04-14 17:44:46.000000,26.08919,0.37319615,23.368473,160.48645,-144.23149,4.1787972
2025-04-14 17:44:49.000000,26.08919,0.37319615,23.368473,160.48643,-144.23149,4.1787972
2025-04-14 17:44:52.000000,26.08919,0.37319615,23.368473,160.48643,-144.23149,4.1787972
2025-04-14 17:44:55.000000,26.089182,0.37319615,23.368473,160.48645,-144.23149,4.1787972
2025-04-14 17:44:58.000000,26.08919,0.37319615,23.368473,160.48643,-144.23149,4.1787972
2025-04-14 17:45:01.000000,26.08919,0.37319615,23.368473,160.48643,-144.23149,4.178797
2025-04-14 17:45:04.000000,26.08919,0.37319615,23.368473,160.48643,-144.23149,4.178797
2025-04-14 17:45:07.000000,26.08919,0.37319615,23.368473,160.48643,-144.23149,4.1787972
2025-04-14 17:45:10.000000,26.08919,0.37319615,23.368473,160.48643,-144.23149,4.1787972
2025-04-14 17:45:13.000000,26.08919,0.37320372,23.368473,160.48643,-144.23149,4.1787972
2025-04-14 17:45:16.000000,26.08919,0.37319615,23.368473,160.48643,-144.23149,4.1787972
2025-04-14 17:45:19.000000,26.08919,0.37319615,23.368473,160.48643,-144.23149,4.1787972
2025-04-14 17:45:22.000000,26.08919,0.37320372,23.368473,160.48643,-144.23149,4.178797
2025-04-14 17:45:25.000000,26.08919,0.37319615,23.368473,160.48643,-144.23149,4.1787972
2025-04-14 17:45:28.000000,26.08919,0.37319615,23.368473,160.48645,-144.23149,4.1787972
2025-04-14 17:45:31.000000,26.08919,0.37320372,23.368473,160.48643,-144.23149,4.1787972
2025-04-14 17:45:34.000000,26.08919,0.37318859,23.368473,160.48643,-144.23149,4.178797
2025-04-14 17:45:37.000000,26.08919,0.37319615,23.368473,160.48643,-144.23149,4.1787972
2025-04-14 17:45:40.000000,26.08919,0.37319615,23.368473,160.48643,-144.23149,4.178797
2025-04-14 17:45:43.000000,26.08919,0.37319615,23.368473,160.48643,-144.23149,4.1787972
2025-04-14 17:45:46.000000,26.08919,0.37319615,23.368473,160.48645,-144.23149,4.178797
2025-04-14 17:45:49.000000,26.08919,0.37320372,23.368473,160.48645,-144.23149,4.1787972
2025-04-14 17:45:52.000000,26.08919,0.37319615,23.368473,160.48643,-144.23149,4.178797
2025-04-14 17:45:55.000000,26.08919,0.37319615,23.368473,160.48643,-144.23149,4.178797
2025-04-14 17:45:58.000000,26.08919,0.37319615,23.368473,160.48643,-144.23149,4.178797
2025-04-14 17:46:01.000000,26.08919,0.37319615,23.368473,160.48643,-144.23149,4.178797
2025-04-14 17:46:04.000000,26.08919,0.37320372,23.368473,160.48645,-144.23149,4.178797
2025-04-14 17:46:07.000000,26.08919,0.37319615,23.368473,160.48643,-144.23149,4.178797
2025-04-14 17:46:10.000000,26.08919,0.37320372,23.368473,160.48645,-144.23149,4.1787972
2025-04-14 17:46:13.000000,26.089197,0.37320372,23.368473,160.48645,-144.23149,4.1787972
2025-04-14 17:46:16.000000,26.08919,0.37319615,23.368473,160.48643,-144.23149,4.178797
2025-04-14 17:46:19.000000,26.08919,0.37319615,23.368473,160.48643,-144.23149,4.1787972
2025-04-14 17:46:22.000000,26.08919,0.37319615,23.368473,160.48645,-144.23149,4.178797
2025-04-14 17:46:25.000000,26.089182,0.37319615,23.368473,160.48645,-144.23149,4.1787972
2025-04-14 17:46:28.000000,26.08919,0.37319615,23.368473,160.48643,-144.23149,4.178797
2025-04-14 17:46:31.000000,26.08919,0.37319615,23.368473,160.48643,-144.23149,4.178797
2025-04-14 17:46:34.000000,26.08919,0.37319615,23.368473,160.48643,-144.23149,4.178797
2025-04-14 17:46:37.000000,26.08919,0.37319615,23.368473,160.48643,-144.23149,4.1787972
2025-04-14 17:46:40.000000,26.08919,0.37319615,23.368473,160.48643,-144.23149,4.1787972
2025-04-14 17:46:43.000000,26.089182,0.37319615,23.368473,160.48645,-144.23149,4.1787972
2025-04-14 17:46:46.000000,26.08919,0.37319615,23.368473,160.48643,-144.23149,4.178797
2025-04-14 17:46:49.000000,26.08919,0.37319615,23.368473,160.48643,-144.23149,4.178797
2025-04-14 17:46:52.000000,26.089182,0.37319615,23.368473,160.48643,-144.23149,4.1787972
2025-04-14 17:46:55.000000,26.08919,0.37319615,23.368473,160.48645,-144.23149,4.178797
2025-04-14 17:46:58.000000,26.08919,0.37319615,23.368473,160.48643,-144.23149,4.1787972
2025-04-14 17:47:01.000000,26.08919,0.37320372,23.368473,160.48645,-144.23149,4.1787972
2025-04-14 17:47:04.000000,26.08919,0.37319615,23.368473,160.48643,-144.23149,4.1787972
2025-04-14 17:47:07.000000,26.08919,0.37320372,23.368475,160.48645,-144.23148,4.1787972
2025-04-14 17:47:10.000000,26.08919,0.37319615,23.368473,160.48643,-144.23149,4.1787972
2025-04-14 17:47:13.000000,26.08919,0.37319615,23.368473,160.48645,-144.23149,4.1787972
2025-04-14 17:47:16.000000,26.08919,0.37319615,23.368473,160.48645,-144.23149,4.1787972
2025-04-14 17:47:19.000000,26.08919,0.37319615,23.368473,160.48643,-144.23149,4.1787972
2025-04-14 17:47:22.000000,26.08919,0.37319615,23.368473,160.48643,-144.23149,4.1787972
2025-04-14 17:47:25.000000,26.08919,0.37319615,23.368473,160.48645,-144.23149,4.1787972
2025-04-14 17:47:28.000000,26.08919,0.37319615,23.368473,160.48643,-144.23149,4.178797
2025-04-14 17:47:31.000000,26.08919,0.37319615,23.368473,160.48643,-144.23149,4.1787972
2025-04-14 17:47:34.000000,26.08919,0.37319615,23.368473,160.48643,-144.23149,4.178797
2025-04-14 17:47:37.000000,26.08919,0.37319615,23.368473,160.48643,-144.23149,4.1787972
2025-04-14 17:47:40.000000,26.08919,0.37320372,23.368473,160.48645,-144.23149,4.1787972
2025-04-14 17:47:43.000000,26.08919,0.37319615,23.368473,160.48643,-144.23149,4.1787972
2025-04-14 17:47:46.000000,26.08919,0.37319615,23.368473,160.48643,-144.23149,4.178797
2025-04-14 17:47:49.000000,26.08919,0.37319615,23.368473,160.48643,-144.23149,4.1787972
2025-04-14 17:47:52.000000,26.08919,0.37319615,23.368473,160.48643,-144.23149,4.1787972
2025-04-14 17:47:55.000000,26.08919,0.37319615,23.368473,160.48643,-144.23149,4.1787972
2025-04-14 17:47:58.000000,26.08919,0.37319615,23.368473,160.48643,-144.23149,4.178797
2025-04-14 17:48:01.000000,26.08919,0.37319615,23.368473,160.48645,-144.23149,4.1787972
2025-04-14 17:48:04.000000,26.08919,0.37319615,23.368473,160.48643,-144.23149,4.1787972
2025-04-14 17:48:07.000000,26.08919,0.37319615,23.368473,160.48643,-144.23149,4.1787972
2025-04-14 17:48:10.000000,26.08919,0.37320372,23.368473,160.48645,-144.23149,4.1787972
2025-04-14 17:48:13.000000,26.08919,0.37319615,23.368473,160.48643,-144.23149,4.178797
2025-04-14 17:48:16.000000,26.089197,0.37320372,23.368473,160.48643,-144.23149,4.1787972
2025-04-14 17:48:19.000000,26.08919,0.37319615,23.368473,160.48643,-144.23149,4.1787972
2025-04-14 17:48:22.000000,26.08919,0.37319615,23.368473,160.48643,-144.23149,4.1787972
2025-04-14 17:48:25.000000,26.08919,0.37319615,23.368473,160.48643,-144.23149,4.1787972
2025-04-14 17:48:28.000000,26.08919,0.37319615,23.368473,160.48643,-144.23149,4.178797
2025-04-14 17:48:31.000000,26.08919,0.37319615,23.368473,160.48643,-144.23149,4.1787972
2025-04-14 17:48:34.000000,26.089182,0.37319615,23.368473,160.48645,-144.23149,4.1787972
2025-04-14 17:48:37.000000,26.089182,0.37319615,23.368473,160.48643,-144.23149,4.1787972
2025-04-14 17:48:40.000000,26.08919,0.37319615,23.368473,160.48643,-144.23149,4.178797
2025-04-14 17:48:43.000000,26.08919,0.37319615,23.368473,160.48643,-144.23149,4.178797
2025-04-14 17:48:46.000000,26.08919,0.37319615,23.368473,160.48643,-144.23149,4.178797
2025-04-14 17:48:49.000000,26.08919,0.37319615,23.368473,160.48643,-144.23149,4.1787972
2025-04-14 17:48:52.000000,26.08919,0.37319615,23.368473,160.48643,-144.23149,4.1787972
2025-04-14 17:48:55.000000,26.08919,0.37319615,23.368473,160.48643,-144.23149,4.1787972
2025-04-14 17:48:58.000000,26.089182,0.37319615,23.368473,160.48643,-144.23149,4.1787972
2025-04-14 17:49:01.000000,26.08919,0.37319615,23.368473,160.48643,-144.23149,4.1787972
2025-04-14 17:49:04.000000,26.08919,0.37319615,23.368473,160.48643,-144.23149,4.1787972
2025-04-14 17:49:07.000000,26.08919,0.37319615,23.368473,160.48643,-144.23149,4.1787977
2025-04-14 17:49:10.000000,26.08919,0.37319615,23.368473,160.48643,-144.23149,4.1787972
2025-04-14 17:49:13.000000,26.08919,0.37319615,23.368473,160.48643,-144.23149,4.1787972
2025-04-14 17:49:16.000000,26.08919,0.37320372,23.368473,160.48645,-144.23149,4.1787972
2025-04-14 17:49:19.000000,26.08919,0.37319615,23.368473,160.48645,-144.23149,4.1787972
2025-04-14 17:49:22.000000,26.08919,0.37320372,23.368473,160.48645,-144.23149,4.1787972
2025-04-14 17:49:25.000000,26.08919,0.37319615,23.368473,160.48643,-144.23149,4.178797
2025-04-14 17:49:28.000000,26.08919,0.37319615,23.368473,160.48643,-144.23149,4.178797
2025-04-14 17:49:31.000000,26.08919,0.37319615,23.368473,160.48643,-144.23149,4.178797
2025-04-14 17:49:34.000000,26.08919,0.37319615,23.368473,160.48643,-144.23149,4.178797
2025-04-14 17:49:37.000000,26.08919,0.37319615,23.368473,160.48643,-144.23149,4.178797
2025-04-14 17:49:40.000000,26.08919,0.37319615,23.368473,160.48643,-144.23149,4.1787972
2025-04-14 17:49:43.000000,26.08919,0.37319615,23.368473,160.48643,-144.23149,4.1787972
2025-04-14 17:49:46.000000,26.08919,0.37320372,23.368473,160.48645,-144.23149,4.1787972
2025-04-14 17:49:49.000000,26.08919,0.37319615,23.368473,160.48643,-144.23149,4.1787972
2025-04-14 17:49:52.000000,26.08919,0.37319615,23.368473,160.48643,-144.23149,4.178797
2025-04-14 17:49:55.000000,26.08919,0.37319615,23.368473,160.48643,-144.23149,4.1787972
2025-04-14 17:49:58.000000,26.08919,0.37319615,23.368473,160.48645,-144.23149,4.1787972
2025-04-14 17:50:01.000000,26.08919,0.37319615,23.368473,160.48645,-144.23149,4.1787972
2025-04-14 17:50:04.000000,26.08919,0.37319615,23.368473,160.48645,-144.23149,4.1787972
2025-04-14 17:50:07.000000,26.08919,0.37319615,23.368473,160.48643,-144.23149,4.178797
2025-04-14 17:50:10.000000,26.08919,0.37319615,23.368473,160.48645,-144.23149,4.1787972
2025-04-14 17:50:13.000000,26.08919,0.37319615,23.368473,160.48643,-144.23149,4.178797
2025-04-14 17:50:16.000000,26.08919,0.37319615,23.368473,160.48645,-144.23149,4.1787972
2025-04-14 17:50:19.000000,26.08919,0.37319615,23.368473,160.48645,-144.23149,4.178797
2025-04-14 17:50:22.000000,26.089197,0.37319615,23.368473,160.48645,-144.23149,4.1787972
2025-04-14 17:50:25.000000,26.08919,0.37319615,23.368473,160.48645,-144.23149,4.1787972
2025-04-14 17:50:28.000000,26.08919,0.37320372,23.368473,160.48645,-144.23149,4.1787972
2025-04-14 17:50:31.000000,26.08919,0.37319615,23.368473,160.48643,-144.23149,4.1787972
2025-04-14 17:50:34.000000,26.08919,0.37319615,23.368473,160.48643,-144.23149,4.178797
2025-04-14 17:50:37.000000,26.08919,0.37319615,23.368473,160.48643,-144.23149,4.178797
2025-04-14 17:50:40.000000,26.08919,0.37320372,23.368473,160.48645,-144.23149,4.1787972
2025-04-14 17:50:43.000000,26.08919,0.37319615,23.368473,160.48643,-144.23149,4.1787972
2025-04-14 17:50:46.000000,26.08919,0.37319615,23.368473,160.48643,-144.23149,4.178797
2025-04-14 17:50:49.000000,26.089197,0.37320372,23.368473,160.48643,-144.23149,4.1787972
2025-04-14 17:50:52.000000,26.089197,0.37319615,23.368473,160.48643,-144.23149,4.1787972
2025-04-14 17:50:55.000000,26.08919,0.37319615,23.368473,160.48643,-144.23149,4.1787972
2025-04-14 17:50:58.000000,26.089182,0.37319615,23.368473,160.48643,-144.23149,4.178797
2025-04-14 17:51:01.000000,26.08919,0.37319615,23.368473,160.48643,-144.23149,4.1787972
2025-04-14 17:51:04.000000,26.08919,0.37319615,23.368473,160.48643,-144.23149,4.1787972
2025-04-14 17:51:07.000000,26.08919,0.37319615,23.368473,160.48643,-144.23149,4.1787972
2025-04-14 17:51:10.000000,26.08919,0.37319615,23.368473,160.48643,-144.23149,4.1787972
2025-04-14 17:51:13.000000,26.08919,0.37320372,23.368473,160.48643,-144.23149,4.1787972
2025-04-14 17:51:16.000000,26.08919,0.37319615,23.368473,160.48643,-144.23149,4.1787972
2025-04-14 17:51:19.000000,26.08919,0.37319615,23.368473,160.48643,-144.23149,4.1787972
2025-04-14 17:51:22.000000,26.08919,0.37319615,23.368473,160.48643,-144.23149,4.1787972
2025-04-14 17:51:25.000000,26.08919,0.37319615,23.368473,160.48643,-144.23149,4.178797
2025-04-14 17:51:28.000000,26.089182,0.37319615,23.368473,160.48645,-144.23149,4.178797
2025-04-14 17:51:31.000000,26.08919,0.37319615,23.368473,160.48643,-144.23149,4.178797
2025-04-14 17:51:34.000000,26.08919,0.3732075,23.368473,160.48643,-144.23149,4.1787972
2025-04-14 17:51:37.000000,26.08919,0.37319615,23.368473,160.48643,-144.23149,4.1787972
2025-04-14 17:51:40.000000,26.089197,0.37320372,23.368473,160.48643,-144.23149,4.1787972
2025-04-14 17:51:43.000000,26.08919,0.37319615,23.368473,160.48643,-144.23149,4.1787972
2025-04-14 17:51:46.000000,26.08919,0.37319615,23.368473,160.48643,-144.23149,4.1787972
2025-04-14 17:51:49.000000,26.08919,0.37319615,23.368473,160.48643,-144.23149,4.1787972
2025-04-14 17:51:52.000000,26.08919,0.37319615,23.368473,160.48643,-144.23149,4.1787972
2025-04-14 17:51:55.000000,26.08919,0.37319615,23.368473,160.48643,-144.23149,4.178797
2025-04-14 17:51:58.000000,26.08919,0.37319615,23.368473,160.48643,-144.23149,4.1787972
2025-04-14 17:52:01.000000,26.08919,0.37319615,23.368473,160.48643,-144.23149,4.1787972
2025-04-14 17:52:04.000000,26.08919,0.37319615,23.368473,160.48643,-144.23149,4.1787972
2025-04-14 17:52:07.000000,26.08919,0.37319615,23.36847,160.48643,-144.23149,4.1787972
2025-04-14 17:52:10.000000,26.08919,0.37319615,23.368473,160.48643,-144.23149,4.1787972
2025-04-14 17:52:13.000000,26.08919,0.37319615,23.368473,160.48643,-144.23149,4.1787972
2025-04-14 17:52:16.000000,26.089197,0.37319615,23.368473,160.48643,-144.23149,4.1787972
2025-04-14 17:52:19.000000,26.08919,0.37319615,23.368473,160.48645,-144.23149,4.1787972
2025-04-14 17:52:22.000000,26.08919,0.37319615,23.368473,160.48643,-144.23149,4.1787972
2025-04-14 17:52:25.000000,26.08919,0.37319615,23.368473,160.48643,-144.23149,4.1787972
2025-04-14 17:52:28.000000,26.08919,0.37319615,23.368473,160.48643,-144.23149,4.1787972
2025-04-14 17:52:31.000000,26.08919,0.37319615,23.368473,160.48643,-144.23149,4.1787972
2025-04-14 17:52:34.000000,26.08919,0.37319615,23.368473,160.48643,-144.23149,4.178797
2025-04-14 17:52:37.000000,26.08919,0.37319615,23.368473,160.48643,-144.23149,4.1787972
2025-04-14 17:52:40.000000,26.08919,0.37319615,23.368473,160.48645,-144.23149,4.1787972
2025-04-14 17:52:43.000000,26.08919,0.37319615,23.368473,160.48643,-144.23149,4.1787972
2025-04-14 17:52:46.000000,26.08919,0.37320372,23.368473,160.48643,-144.23149,4.1787972
2025-04-14 17:52:49.000000,26.08919,0.37319615,23.368473,160.48643,-144.23149,4.1787972
2025-04-14 17:52:52.000000,26.08919,0.37319615,23.368473,160.48643,-144.23149,4.1787972
2025-04-14 17:52:55.000000,26.08919,0.37320372,23.368473,160.48643,-144.23149,4.1787972
2025-04-14 17:52:58.000000,26.08919,0.37319615,23.368473,160.48645,-144.23149,4.1787972
2025-04-14 17:53:01.000000,26.08919,0.37319615,23.368473,160.48645,-144.23149,4.1787972
2025-04-14 17:53:04.000000,26.08919,0.37319615,23.368473,160.48643,-144.23149,4.1787972
2025-04-14 17:53:07.000000,26.089182,0.37319615,23.368473,160.48645,-144.23149,4.178797
2025-04-14 17:53:10.000000,26.08919,0.37319615,23.368473,160.48643,-144.23149,4.1787972
2025-04-14 17:53:13.000000,26.08919,0.37320372,23.368473,160.48643,-144.23149,4.178797
2025-04-14 17:53:16.000000,26.08919,0.37319615,23.368473,160.48645,-144.23149,4.1787972
2025-04-14 17:53:19.000000,26.08919,0.37319615,23.368473,160.48643,-144.23149,4.178797
2025-04-14 17:53:22.000000,26.08919,0.37319615,23.368473,160.48643,-144.23149,4.1787972
2025-04-14 17:53:25.000000,26.089182,0.37319615,23.368473,160.48645,-144.23149,4.178797
2025-04-14 17:53:28.000000,26.08919,0.37319615,23.368473,160.48643,-144.23149,4.178797
2025-04-14 17:53:31.000000,26.08919,0.37319615,23.368473,160.48643,-144.23149,4.1787972
2025-04-14 17:53:34.000000,26.08919,0.37319615,23.368473,160.48643,-144.23149,4.1787972
2025-04-14 17:53:37.000000,26.089182,0.37319615,23.368473,160.48643,-144.23149,4.178797
2025-04-14 17:53:40.000000,26.08919,0.37319615,23.368473,160.48643,-144.23149,4.1787972
2025-04-14 17:53:43.000000,26.08919,0.37319615,23.368473,160.48643,-144.23149,4.178797
2025-04-14 17:53:46.000000,26.08919,0.37319615,23.368473,160.48643,-144.23149,4.1787972
2025-04-14 17:53:49.000000,26.08919,0.37320372,23.368473,160.48643,-144.23149,4.1787972
2025-04-14 17:53:52.000000,26.08919,0.37319615,23.368473,160.48643,-144.23149,4.178797
2025-04-14 17:53:55.000000,26.089197,0.37319615,23.368473,160.48643,-144.23149,4.1787972
2025-04-14 17:53:58.000000,26.08919,0.37319615,23.368473,160.48645,-144.23149,4.1787972
2025-04-14 17:54:01.000000,26.08919,0.37319615,23.368473,160.48645,-144.23149,4.1787977
2025-04-14 17:54:04.000000,26.08919,0.37319615,23.368473,160.48643,-144.23149,4.178797
2025-04-14 17:54:07.000000,26.08919,0.37320372,23.368473,160.48643,-144.23149,4.178797
2025-04-14 17:54:10.000000,26.08919,0.37319615,23.368473,160.48645,-144.23149,4.1787972
2025-04-14 17:54:13.000000,26.08919,0.37319615,23.368473,160.48643,-144.23149,4.1787972
2025-04-14 17:54:16.000000,26.08919,0.37320372,23.368473,160.48643,-144.23149,4.1787972
2025-04-14 17:54:19.000000,26.08919,0.37319615,23.368473,160.48643,-144.23149,4.178797
2025-04-14 17:54:22.000000,26.08919,0.37319615,23.368473,160.48643,-144.23149,4.178797
2025-04-14 17:54:25.000000,26.08919,0.37320372,23.368473,160.48643,-144.23149,4.1787972
2025-04-14 17:54:28.000000,26.08919,0.37319615,23.368473,160.48643,-144.23149,4.1787972
2025-04-14 17:54:31.000000,26.08919,0.37319615,23.368473,160.48643,-144.23149,4.178797
2025-04-14 17:54:34.000000,26.08919,0.37319615,23.368473,160.48643,-144.23149,4.1787972
2025-04-14 17:54:37.000000,26.08919,0.37319615,23.368473,160.48643,-144.23149,4.178797
2025-04-14 17:54:40.000000,26.08919,0.37319615,23.368473,160.48643,-144.23149,4.1787972
2025-04-14 17:54:43.000000,26.08919,0.37319615,23.368473,160.48643,-144.23149,4.178797
2025-04-14 17:54:46.000000,26.08919,0.37319615,23.368473,160.48643,-144.23149,4.1787972
2025-04-14 17:54:49.000000,26.08919,0.37320372,23.368473,160.48645,-144.23149,4.1787972
2025-04-14 17:54:52.000000,26.08919,0.37319615,23.368473,160.48643,-144.23149,4.1787972
2025-04-14 17:54:55.000000,26.08919,0.37319615,23.368473,160.48643,-144.23149,4.1787972
2025-04-14 17:54:58.000000,26.08919,0.37319615,23.368473,160.48643,-144.23149,4.178797
2025-04-14 17:55:01.000000,26.08919,0.37320372,23.368473,160.48643,-144.23149,4.1787972
2025-04-14 17:55:04.000000,26.089182,0.37319615,23.368473,160.48645,-144.23149,4.1787972
2025-04-14 17:55:07.000000,26.08919,0.37319615,23.368473,160.48643,-144.23149,4.178797
2025-04-14 17:55:10.000000,26.08919,0.37319615,23.368473,160.48643,-144.23149,4.1787972
2025-04-14 17:55:13.000000,26.089182,0.37318859,23.368473,160.48643,-144.23149,4.1787972
2025-04-14 17:55:16.000000,26.08919,0.37319615,23.368473,160.48643,-144.23149,4.1787972
2025-04-14 17:55:19.000000,26.08919,0.37319615,23.368473,160.48643,-144.23149,4.1787972
2025-04-14 17:55:22.000000,26.08919,0.37320372,23.368473,160.48645,-144.23149,4.1787972
2025-04-14 17:55:25.000000,26.08919,0.37319615,23.368473,160.48643,-144.23149,4.1787972
2025-04-14 17:55:28.000000,26.08919,0.37319615,23.368473,160.48643,-144.23149,4.178797
2025-04-14 17:55:31.000000,26.08919,0.37319615,23.368473,160.48643,-144.23149,4.178797
2025-04-14 17:55:34.000000,26.08919,0.37319615,23.368473,160.48643,-144.23149,4.178797
2025-04-14 17:55:37.000000,26.089182,0.37319615,23.368473,160.48643,-144.23149,4.1787972
2025-04-14 17:55:40.000000,26.08919,0.37319615,23.368473,160.48643,-144.23149,4.1787972
2025-04-14 17:55:43.000000,26.08919,0.37320372,23.368473,160.48645,-144.23149,4.1787972
2025-04-14 17:55:46.000000,26.08919,0.37319615,23.368473,160.48643,-144.23149,4.1787972
2025-04-14 17:55:49.000000,26.08919,0.37319615,23.368473,160.48643,-144.23149,4.1787972
2025-04-14 17:55:52.000000,26.089182,0.37319615,23.368473,160.48643,-144.23149,4.1787972
2025-04-14 17:55:55.000000,26.08919,0.37319615,23.368473,160.48645,-144.23149,4.1787977
2025-04-14 17:55:58.000000,26.08919,0.37319615,23.368473,160.48643,-144.23149,4.178797
2025-04-14 17:56:01.000000,26.08919,0.37319615,23.368473,160.48643,-144.23149,4.178797
2025-04-14 17:56:04.000000,26.08919,0.37319615,23.368473,160.48643,-144.23149,4.1787972
2025-04-14 17:56:07.000000,26.08919,0.37319615,23.368473,160.48645,-144.23149,4.1787972
2025-04-14 17:56:10.000000,26.08919,0.37319615,23.368473,160.48643,-144.23149,4.178797
2025-04-14 17:56:13.000000,26.08919,0.37319615,23.368473,160.48643,-144.23149,4.1787972
2025-04-14 17:56:16.000000,26.08919,0.37319615,23.368473,160.48643,-144.23149,4.1787972
2025-04-14 17:56:19.000000,26.08919,0.37319615,23.368473,160.48643,-144.23149,4.178797
2025-04-14 17:56:22.000000,26.08919,0.37319615,23.368473,160.48643,-144.23149,4.1787972
2025-04-14 17:56:25.000000,26.08919,0.37319615,23.368473,160.48645,-144.23149,4.1787972
2025-04-14 17:56:28.000000,26.08919,0.37319615,23.368473,160.48643,-144.23149,4.178797
2025-04-14 17:56:31.000000,26.08919,0.37320372,23.368473,160.48645,-144.23149,4.1787972
2025-04-14 17:56:34.000000,26.08919,0.37319615,23.368473,160.48643,-144.23149,4.178797
2025-04-14 17:56:37.000000,26.08919,0.37319615,23.368473,160.48645,-144.23149,4.1787972
2025-04-14 17:56:40.000000,26.08919,0.37319615,23.368473,160.48643,-144.23149,4.1787972
2025-04-14 17:56:43.000000,26.08919,0.37319615,23.368473,160.48643,-144.23149,4.1787972
2025-04-14 17:56:46.000000,26.08919,0.37319615,23.368473,160.48643,-144.23149,4.1787972
2025-04-14 17:56:49.000000,26.08919,0.37319615,23.368473,160.48643,-144.23149,4.178797
2025-04-14 17:56:52.000000,26.08919,0.37320372,23.368473,160.48645,-144.23149,4.178797
2025-04-14 17:56:55.000000,26.08919,0.37319615,23.368473,160.48645,-144.23149,4.1787972
2025-04-14 17:56:58.000000,26.08919,0.37319615,23.368473,160.48643,-144.23149,4.1787972
2025-04-14 17:57:01.000000,26.08919,0.37319615,23.368473,160.48645,-144.23149,4.1787972
2025-04-14 17:57:04.000000,26.08919,0.37319615,23.368473,160.48643,-144.23149,4.178797
2025-04-14 17:57:07.000000,26.08919,0.37319615,23.368473,160.48645,-144.23149,4.1787972
2025-04-14 17:57:10.000000,26.08919,0.37319615,23.368473,160.48643,-144.23149,4.178797
2025-04-14 17:57:13.000000,26.08919,0.37319615,23.368473,160.48643,-144.23149,4.178797
2025-04-14 17:57:16.000000,26.08919,0.37319615,23.368473,160.48643,-144.23149,4.1787972
2025-04-14 17:57:19.000000,26.08919,0.37319615,23.368473,160.48643,-144.23149,4.178797
2025-04-14 17:57:22.000000,26.08919,0.37319615,23.368473,160.48643,-144.23149,4.178797
2025-04-14 17:57:25.000000,26.08919,0.37319615,23.368473,160.48643,-144.23149,4.1787972
2025-04-14 17:57:28.000000,26.08919,0.37319615,23.368473,160.48643,-144.23149,4.1787972
2025-04-14 17:57:31.000000,26.08919,0.37319615,23.368473,160.48643,-144.23149,4.178797
2025-04-14 17:57:34.000000,26.08919,0.37319615,23.368473,160.48643,-144.23149,4.178797
2025-04-14 17:57:37.000000,26.08919,0.37320372,23.368473,160.48645,-144.23149,4.178797
2025-04-14 17:57:40.000000,26.08919,0.37319615,23.368473,160.48643,-144.23149,4.1787972
2025-04-14 17:57:43.000000,26.089182,0.37319615,23.368473,160.48645,-144.23149,4.178797
2025-04-14 17:57:46.000000,26.08919,0.37319615,23.368473,160.48643,-144.23149,4.1787972
2025-04-14 17:57:49.000000,26.08919,0.37320372,23.368473,160.48645,-144.23149,4.1787972
2025-04-14 17:57:52.000000,26.08919,0.37319615,23.368473,160.48643,-144.23149,4.178797
2025-04-14 17:57:55.000000,26.08919,0.37319615,23.368473,160.48645,-144.23149,4.178797
2025-04-14 17:57:58.000000,26.08919,0.37319615,23.368473,160.48645,-144.23149,4.1787972
2025-04-14 17:58:01.000000,26.08919,0.37319615,23.368473,160.48643,-144.23149,4.1787972
2025-04-14 17:58:04.000000,26.08919,0.37319615,23.368473,160.48643,-144.23149,4.1787972
2025-04-14 17:58:07.000000,26.08919,0.37319615,23.368473,160.48643,-144.23149,4.1787972
2025-04-14 17:58:10.000000,26.08919,0.37319615,23.368473,160.48643,-144.23149,4.1787972
2025-04-14 17:58:13.000000,26.08919,0.37319615,23.368473,160.48645,-144.23149,4.1787972
2025-04-14 17:58:16.000000,26.08919,0.37319615,23.368473,160.48645,-144.23149,4.1787972
2025-04-14 17:58:19.000000,26.08919,0.37319615,23.368473,160.48645,-144.23149,4.1787972
2025-04-14 17:58:22.000000,26.08919,0.37319615,23.368473,160.48645,-144.23149,4.1787977
2025-04-14 17:58:25.000000,26.08919,0.37319615,23.368473,160.48643,-144.23149,4.1787972
2025-04-14 17:58:28.000000,26.08919,0.37320372,23.368473,160.48645,-144.23149,4.1787972
2025-04-14 17:58:31.000000,26.08919,0.37319615,23.368473,160.48643,-144.23149,4.1787972
2025-04-14 17:58:34.000000,26.08919,0.37320372,23.368473,160.48643,-144.23148,4.1787972
2025-04-14 17:58:37.000000,26.08919,0.37319615,23.368473,160.48643,-144.23149,4.178797
2025-04-14 17:58:40.000000,26.08919,0.37319615,23.368473,160.48645,-144.23149,4.178797
2025-04-14 17:58:43.000000,26.08919,0.37319615,23.368473,160.48645,-144.23149,4.1787972
2025-04-14 17:58:46.000000,26.08919,0.37319615,23.368473,160.48643,-144.23149,4.1787972
2025-04-14 17:58:49.000000,26.08919,0.37320372,23.368473,160.48645,-144.23149,4.1787972
2025-04-14 17:58:52.000000,26.08919,0.37319615,23.368473,160.48645,-144.23149,4.1787972
2025-04-14 17:58:55.000000,26.08919,0.37319615,23.368473,160.48643,-144.23149,4.1787972
2025-04-14 17:58:58.000000,26.08919,0.37320372,23.368473,160.48645,-144.23149,4.1787972
2025-04-14 17:59:01.000000,26.08919,0.37319615,23.368473,160.48643,-144.23149,4.1787972
2025-04-14 17:59:04.000000,26.08919,0.37319615,23.368473,160.48643,-144.23149,4.178797
2025-04-14 17:59:07.000000,26.08919,0.37320372,23.368473,160.48643,-144.23149,4.1787972
2025-04-14 17:59:10.000000,26.08919,0.37319615,23.368473,160.48643,-144.23149,4.1787972
2025-04-14 17:59:13.000000,26.08919,0.37319615,23.368473,160.48643,-144.23149,4.1787972
2025-04-14 17:59:16.000000,26.08919,0.37319615,23.368473,160.48643,-144.23149,4.1787972
2025-04-14 17:59:19.000000,26.08919,0.37319615,23.368473,160.48643,-144.23149,4.178797
2025-04-14 17:59:22.000000,26.08919,0.37319615,23.368473,160.48643,-144.23149,4.178797
2025-04-14 17:59:25.000000,26.08919,0.37319615,23.368473,160.48643,-144.23149,4.1787972
2025-04-14 17:59:28.000000,26.08919,0.37320372,23.368473,160.48645,-144.23149,4.1787972
2025-04-14 17:59:31.000000,26.089182,0.37319615,23.368473,160.48643,-144.23149,4.1787972
2025-04-14 17:59:34.000000,26.08919,0.37319615,23.368473,160.48643,-144.23149,4.1787972
2025-04-14 17:59:37.000000,26.08919,0.37320372,23.368473,160.48643,-144.23149,4.1787972
2025-04-14 17:59:40.000000,26.08919,0.37319615,23.368473,160.48643,-144.23149,4.1787972
2025-04-14 17:59:43.000000,26.08919,0.37319615,23.368473,160.48643,-144.23149,4.178797
2025-04-14 17:59:46.000000,26.089197,0.37319615,23.368473,160.48643,-144.23149,4.1787972
2025-04-14 17:59:49.000000,26.08919,0.37319615,23.368473,160.48643,-144.23149,4.178797
2025-04-14 17:59:52.000000,26.08919,0.37319615,23.368473,160.48643,-144.23149,4.1787972
2025-04-14 17:59:55.000000,26.08919,0.37319615,23.368473,160.48643,-144.23149,4.1787972
2025-04-14 17:59:58.000000,26.08919,0.37319615,23.368473,160.48643,-144.23149,4.1787972
2025-04-14 18:00:01.000000,26.08919,0.37319615,23.368473,160.48643,-144.23149,4.178797
2025-04-14 18:00:04.000000,26.08919,0.37319615,23.368473,160.48643,-144.23149,4.1787972
2025-04-14 18:00:07.000000,26.089182,0.37319615,23.368473,160.48645,-144.23149,4.178797
2025-04-14 18:00:10.000000,26.08919,0.37319615,23.368473,160.48643,-144.23149,4.1787972
2025-04-14 18:00:13.000000,26.08919,0.37319615,23.368473,160.48643,-144.23149,4.1787972
2025-04-14 18:00:16.000000,26.08919,0.37319615,23.368473,160.48643,-144.23149,4.1787972
2025-04-14 18:00:19.000000,26.08919,0.37320372,23.368473,160.48645,-144.23149,4.1787972
2025-04-14 18:00:22.000000,26.08919,0.37319615,23.368473,160.48643,-144.23149,4.1787972
2025-04-14 18:00:25.000000,26.08919,0.37319615,23.368473,160.48643,-144.23149,4.1787972
2025-04-14 18:00:28.000000,26.08919,0.37319615,23.368473,160.48645,-144.23149,4.1787972
2025-04-14 18:00:31.000000,26.08919,0.37319615,23.368473,160.48643,-144.23149,4.1787972
2025-04-14 18:00:34.000000,26.08919,0.37319615,23.368473,160.48643,-144.23149,4.1787972
2025-04-14 18:00:37.000000,26.08919,0.37319615,23.368473,160.48643,-144.23149,4.178797
2025-04-14 18:00:40.000000,26.08919,0.37319615,23.368473,160.48643,-144.23149,4.1787972
2025-04-14 18:00:43.000000,26.08919,0.37319615,23.368473,160.48645,-144.23149,4.1787972
2025-04-14 18:00:46.000000,26.08919,0.37319615,23.368473,160.48645,-144.23149,4.1787972
2025-04-14 18:00:49.000000,26.089197,0.37320372,23.368473,160.48645,-144.23149,4.1787972
2025-04-14 18:00:52.000000,26.089197,0.37319615,23.368473,160.48643,-144.23149,4.1787972
2025-04-14 18:00:55.000000,26.08919,0.37319615,23.368473,160.48643,-144.23149,4.1787972
2025-04-14 18:00:58.000000,26.08919,0.37320372,23.368473,160.48645,-144.23149,4.1787972
2025-04-14 18:01:01.000000,26.08919,0.37319615,23.368473,160.48643,-144.23149,4.178797
2025-04-14 18:01:04.000000,26.08919,0.37320372,23.368473,160.48643,-144.23149,4.1787972
2025-04-14 18:01:07.000000,26.08919,0.37319615,23.368473,160.48643,-144.23149,4.1787972
2025-04-14 18:01:10.000000,26.08919,0.37319615,23.368473,160.48643,-144.23149,4.178797
2025-04-14 18:01:13.000000,26.08919,0.37318859,23.368473,160.48643,-144.23149,4.1787972
2025-04-14 18:01:16.000000,26.08919,0.37319615,23.368473,160.48643,-144.23149,4.1787972
2025-04-14 18:01:19.000000,26.08919,0.37319615,23.368473,160.48643,-144.23149,4.1787972
2025-04-14 18:01:22.000000,26.08919,0.37319615,23.368473,160.48645,-144.23149,4.1787972
2025-04-14 18:01:25.000000,26.089182,0.37319615,23.368473,160.48643,-144.23149,4.178797
2025-04-14 18:01:28.000000,26.089182,0.37319615,23.368473,160.48645,-144.23149,4.178797
2025-04-14 18:01:31.000000,26.08919,0.37319615,23.368473,160.48645,-144.23149,4.178797
2025-04-14 18:01:34.000000,26.08919,0.37320372,23.368473,160.48645,-144.23149,4.1787972
2025-04-14 18:01:37.000000,26.08919,0.37320372,23.368473,160.48645,-144.23149,4.178797
2025-04-14 18:01:40.000000,26.08919,0.37319615,23.368473,160.48645,-144.23149,4.178797
2025-04-14 18:01:43.000000,26.08919,0.37319615,23.368473,160.48643,-144.23149,4.178797
2025-04-14 18:01:46.000000,26.08919,0.37319615,23.368473,160.48643,-144.23149,4.1787972
2025-04-14 18:01:49.000000,26.08919,0.37319615,23.368473,160.48643,-144.23149,4.178797
2025-04-14 18:01:52.000000,26.08919,0.37319615,23.368473,160.48643,-144.23149,4.178797
2025-04-14 18:01:55.000000,26.08919,0.37319615,23.368473,160.48643,-144.23149,4.1787972
2025-04-14 18:01:58.000000,26.08919,0.37320372,23.368473,160.48645,-144.23149,4.1787972
2025-04-14 18:02:01.000000,26.08919,0.37320372,23.368473,160.48645,-144.23149,4.1787972
2025-04-14 18:02:04.000000,26.08919,0.37319615,23.368473,160.48645,-144.23149,4.178797
2025-04-14 18:02:07.000000,26.08919,0.37319615,23.368473,160.48643,-144.23149,4.178797
2025-04-14 18:02:10.000000,26.08919,0.37319615,23.368473,160.48645,-144.23149,4.1787972
2025-04-14 18:02:13.000000,26.08919,0.37320372,23.368473,160.48643,-144.23149,4.1787972
2025-04-14 18:02:16.000000,26.08919,0.37319615,23.368473,160.48645,-144.23149,4.1787972
2025-04-14 18:02:19.000000,26.08919,0.37319615,23.368473,160.48643,-144.23149,4.1787972
2025-04-14 18:02:22.000000,26.08919,0.37319615,23.368473,160.48643,-144.23149,4.178797
2025-04-14 18:02:25.000000,26.08919,0.37319615,23.368473,160.48643,-144.23149,4.1787972
2025-04-14 18:02:28.000000,26.08919,0.37319615,23.368473,160.48643,-144.23149,4.1787972
2025-04-14 18:02:31.000000,26.089182,0.37319615,23.368473,160.48645,-144.23149,4.1787972
2025-04-14 18:02:34.000000,26.08919,0.37319615,23.368473,160.48643,-144.23149,4.178797
2025-04-14 18:02:37.000000,26.08919,0.37319615,23.368473,160.48643,-144.23149,4.1787972
2025-04-14 18:02:40.000000,26.08919,0.37319615,23.368473,160.48643,-144.23149,4.178797
2025-04-14 18:02:43.000000,26.08919,0.37319615,23.368473,160.48643,-144.23149,4.178797
2025-04-14 18:02:46.000000,26.08919,0.37319615,23.368473,160.48643,-144.23149,4.1787972
2025-04-14 18:02:49.000000,26.08919,0.37319615,23.368473,160.48643,-144.23149,4.1787972
2025-04-14 18:02:52.000000,26.08919,0.37319615,23.368473,160.48643,-144.23149,4.1787972
2025-04-14 18:02:55.000000,26.08919,0.37319615,23.368473,160.48643,-144.23149,4.178797
2025-04-14 18:02:58.000000,26.08919,0.37319615,23.368473,160.48645,-144.23149,4.178797
2025-04-14 18:03:01.000000,26.08919,0.37319615,23.368473,160.48643,-144.23149,4.1787972
2025-04-14 18:03:04.000000,26.08919,0.37319615,23.368473,160.48645,-144.23149,4.178797
2025-04-14 18:03:07.000000,26.08919,0.37319615,23.368473,160.48643,-144.23149,4.178797
2025-04-14 18:03:10.000000,26.089182,0.37319615,23.368473,160.48643,-144.23149,4.1787972
2025-04-14 18:03:13.000000,26.08919,0.37319615,23.368473,160.48643,-144.23149,4.1787972
2025-04-14 18:03:16.000000,26.08919,0.37320372,23.368473,160.48645,-144.23149,4.178797
2025-04-14 18:03:19.000000,26.08919,0.37320372,23.368473,160.48643,-144.23149,4.1787972
2025-04-14 18:03:22.000000,26.08919,0.37319615,23.368473,160.48643,-144.23149,4.1787972
2025-04-14 18:03:25.000000,26.08919,0.37319615,23.368473,160.48643,-144.23149,4.1787972
2025-04-14 18:03:28.000000,26.08919,0.37319615,23.368473,160.48645,-144.23149,4.1787972
2025-04-14 18:03:31.000000,26.08919,0.37319615,23.368473,160.48643,-144.23149,4.1787972
2025-04-14 18:03:34.000000,26.08919,0.37320372,23.368473,160.48645,-144.23149,4.178797
2025-04-14 18:03:37.000000,26.08919,0.37319615,23.368473,160.48643,-144.23149,4.178797
2025-04-14 18:03:40.000000,26.08919,0.37319615,23.368473,160.48643,-144.23149,4.1787972
2025-04-14 18:03:43.000000,26.089182,0.37319615,23.368473,160.48643,-144.23149,4.1787972
2025-04-14 18:03:46.000000,26.08919,0.37319615,23.368473,160.48645,-144.23149,4.1787977
2025-04-14 18:03:49.000000,26.089182,0.37318859,23.368473,160.48643,-144.23149,4.178797
2025-04-14 18:03:52.000000,26.08919,0.37320372,23.368473,160.48645,-144.23149,4.1787972
2025-04-14 18:03:55.000000,26.08919,0.37319615,23.368473,160.48645,-144.23149,4.178797
2025-04-14 18:03:58.000000,26.08919,0.37319615,23.368473,160.48643,-144.23149,4.1787972
2025-04-14 18:04:01.000000,26.08919,0.37319615,23.368473,160.48643,-144.23149,4.1787972
2025-04-14 18:04:04.000000,26.08919,0.37319615,23.368473,160.48643,-144.23149,4.1787972
2025-04-14 18:04:07.000000,26.08919,0.37319615,23.368473,160.48643,-144.23149,4.1787972
2025-04-14 18:04:10.000000,26.08919,0.37320372,23.368473,160.48643,-144.23149,4.1787972
2025-04-14 18:04:13.000000,26.08919,0.37319615,23.368473,160.48643,-144.23149,4.1787972
2025-04-14 18:04:16.000000,26.08919,0.37319615,23.368473,160.48643,-144.23149,4.178797
2025-04-14 18:04:19.000000,26.08919,0.37319615,23.368473,160.48643,-144.23149,4.1787972
2025-04-14 18:04:22.000000,26.08919,0.37319615,23.368473,160.48643,-144.23149,4.1787972
2025-04-14 18:04:25.000000,26.08919,0.37319615,23.368473,160.48645,-144.23149,4.1787972
2025-04-14 18:04:28.000000,26.08919,0.37319615,23.368473,160.48645,-144.23149,4.1787972
2025-04-14 18:04:31.000000,26.08919,0.37319615,23.368473,160.48643,-144.23149,4.178797
2025-04-14 18:04:34.000000,26.08919,0.37319615,23.368473,160.48645,-144.23149,4.1787977
2025-04-14 18:04:37.000000,26.089182,0.37319615,23.368473,160.48645,-144.23149,4.1787972
2025-04-14 18:04:40.000000,26.08919,0.37319615,23.368473,160.48645,-144.23149,4.178797
2025-04-14 18:04:43.000000,26.08919,0.37319615,23.368473,160.48643,-144.23149,4.1787972
2025-04-14 18:04:46.000000,26.089182,0.37319615,23.368473,160.48645,-144.23149,4.1787972
2025-04-14 18:04:49.000000,26.08919,0.37319615,23.368473,160.48643,-144.23149,4.1787972
2025-04-14 18:04:52.000000,26.08919,0.37320372,23.368473,160.48645,-144.23149,4.1787972
2025-04-14 18:04:55.000000,26.08919,0.37319615,23.368473,160.48645,-144.23149,4.1787977
2025-04-14 18:04:58.000000,26.089197,0.37319615,23.368473,160.48643,-144.23149,4.1787972
2025-04-14 18:05:01.000000,26.08919,0.37320372,23.368473,160.48645,-144.23149,4.1787972
2025-04-14 18:05:04.000000,26.08919,0.37319615,23.368473,160.48643,-144.23149,4.178797
2025-04-14 18:05:07.000000,26.08919,0.37320372,23.368473,160.48645,-144.23149,4.1787972
2025-04-14 18:05:10.000000,26.089182,0.37319615,23.368473,160.48643,-144.23149,4.178797
2025-04-14 18:05:13.000000,26.08919,0.37319615,23.368473,160.48643,-144.23149,4.1787972
2025-04-14 18:05:16.000000,26.08919,0.37319615,23.368473,160.48643,-144.23149,4.1787972
2025-04-14 18:05:19.000000,26.08919,0.37319615,23.368473,160.48643,-144.23149,4.1787972
2025-04-14 18:05:22.000000,26.08919,0.37319615,23.368473,160.48643,-144.23149,4.178797
2025-04-14 18:05:25.000000,26.08919,0.37319615,23.368473,160.48643,-144.23149,4.1787972
2025-04-14 18:05:28.000000,26.08919,0.37319615,23.368473,160.48643,-144.23149,4.178797
2025-04-14 18:05:31.000000,26.08919,0.37319615,23.368473,160.48643,-144.23149,4.1787972
2025-04-14 18:05:34.000000,26.08919,0.37319615,23.368473,160.48643,-144.23149,4.1787972
2025-04-14 18:05:37.000000,26.08919,0.37319615,23.368473,160.48645,-144.23149,4.1787972
2025-04-14 18:05:40.000000,26.089182,0.37319615,23.368473,160.48643,-144.23149,4.1787977
2025-04-14 18:05:43.000000,26.08919,0.37320372,23.368473,160.48645,-144.23149,4.1787972
2025-04-14 18:05:46.000000,26.08919,0.37319615,23.368473,160.48643,-144.23149,4.178797
2025-04-14 18:05:49.000000,26.08919,0.37319615,23.368473,160.48643,-144.23149,4.178797
2025-04-14 18:05:52.000000,26.08919,0.37319615,23.368473,160.48645,-144.23149,4.1787972
2025-04-14 18:05:55.000000,26.08919,0.37319615,23.368473,160.48643,-144.23149,4.178797
2025-04-14 18:05:58.000000,26.08919,0.37319615,23.368473,160.48643,-144.23149,4.1787972
2025-04-14 18:06:01.000000,26.08919,0.37319615,23.368473,160.48643,-144.23149,4.178797
2025-04-14 18:06:04.000000,26.08919,0.37319615,23.368473,160.48643,-144.23149,4.178797
2025-04-14 18:06:07.000000,26.08919,0.37319615,23.368473,160.48645,-144.23149,4.1787972
2025-04-14 18:06:10.000000,26.08919,0.37319615,23.368473,160.48643,-144.23149,4.1787972
2025-04-14 18:06:13.000000,26.08919,0.37320372,23.368473,160.48643,-144.23149,4.1787972
2025-04-14 18:06:16.000000,26.08919,0.37320372,23.368473,160.48645,-144.23149,4.1787972
2025-04-14 18:06:19.000000,26.08919,0.37319615,23.368473,160.48643,-144.23149,4.178797
2025-04-14 18:06:22.000000,26.08919,0.37320372,23.368473,160.48643,-144.23149,4.1787972
2025-04-14 18:06:25.000000,26.08919,0.37320372,23.368473,160.48645,-144.23149,4.1787977
2025-04-14 18:06:28.000000,26.08919,0.37319615,23.368473,160.48643,-144.23149,4.178797
2025-04-14 18:06:31.000000,26.08919,0.37319615,23.368473,160.48643,-144.23149,4.1787972
2025-04-14 18:06:34.000000,26.08919,0.37319615,23.368473,160.48645,-144.23149,4.1787972
2025-04-14 18:06:37.000000,26.08919,0.37319615,23.368473,160.48643,-144.23149,4.1787972
2025-04-14 18:06:40.000000,26.08919,0.37319615,23.368473,160.48643,-144.23149,4.1787972
2025-04-14 18:06:43.000000,26.08919,0.37319615,23.368473,160.48643,-144.23149,4.1787972
2025-04-14 18:06:46.000000,26.08919,0.37319615,23.368473,160.48643,-144.23149,4.178797
2025-04-14 18:06:49.000000,26.08919,0.37319615,23.368473,160.48643,-144.23149,4.1787972
2025-04-14 18:06:52.000000,26.08919,0.37319615,23.368473,160.48643,-144.23149,4.178797
2025-04-14 18:06:55.000000,26.08919,0.37319615,23.368473,160.48643,-144.23149,4.1787972
2025-04-14 18:06:58.000000,26.08919,0.37319615,23.368473,160.48643,-144.23149,4.1787972
2025-04-14 18:07:01.000000,26.08919,0.37319615,23.368473,160.48643,-144.23149,4.1787972
2025-04-14 18:07:04.000000,26.08919,0.37319615,23.368473,160.48643,-144.23149,4.1787972
2025-04-14 18:07:07.000000,26.08919,0.37319615,23.368473,160.48643,-144.23149,4.1787972
2025-04-14 18:07:10.000000,26.08919,0.37319615,23.368473,160.48643,-144.23149,4.1787972
2025-04-14 18:07:13.000000,26.08919,0.37319615,23.368473,160.48643,-144.23149,4.1787972
2025-04-14 18:07:16.000000,26.08919,0.37319615,23.368473,160.48643,-144.23149,4.1787972
2025-04-14 18:07:19.000000,26.08919,0.37319615,23.368473,160.48643,-144.23149,4.1787972
2025-04-14 18:07:22.000000,26.08919,0.37319615,23.368473,160.48643,-144.23149,4.1787972
2025-04-14 18:07:25.000000,26.08919,0.37319615,23.368473,160.48643,-144.23149,4.1787972
2025-04-14 18:07:28.000000,26.08919,0.37319615,23.368473,160.48643,-144.23149,4.1787972
2025-04-14 18:07:31.000000,26.08919,0.37319615,23.368473,160.48645,-144.23149,4.1787972
2025-04-14 18:07:34.000000,26.089182,0.37319615,23.368473,160.48645,-144.23149,4.1787972
2025-04-14 18:07:37.000000,26.08919,0.37319615,23.368473,160.48643,-144.23149,4.1787972
2025-04-14 18:07:40.000000,26.08919,0.37320372,23.368473,160.48645,-144.23149,4.1787972
2025-04-14 18:07:43.000000,26.08919,0.37319615,23.368473,160.48643,-144.23149,4.1787972
2025-04-14 18:07:46.000000,26.08919,0.37319615,23.368473,160.48643,-144.23149,4.178797
2025-04-14 18:07:49.000000,26.08919,0.37319615,23.368473,160.48643,-144.23149,4.1787972
2025-04-14 18:07:52.000000,26.089182,0.37319615,23.368473,160.48645,-144.23149,4.178797
2025-04-14 18:07:55.000000,26.089182,0.37319994,23.368473,160.48643,-144.23149,4.178797
2025-04-14 18:07:58.000000,26.08919,0.37319615,23.368473,160.48643,-144.23149,4.1787972
2025-04-14 18:08:01.000000,26.08919,0.37319615,23.368473,160.48645,-144.23149,4.1787972
2025-04-14 18:08:04.000000,26.08919,0.37319615,23.368473,160.48643,-144.23149,4.178797
2025-04-14 18:08:07.000000,26.089182,0.37319615,23.368473,160.48645,-144.23149,4.178797
2025-04-14 18:08:10.000000,26.08919,0.37319615,23.368473,160.48645,-144.23149,4.178797
2025-04-14 18:08:13.000000,26.08919,0.37319615,23.368473,160.48643,-144.23149,4.178797
2025-04-14 18:08:16.000000,26.089182,0.37319615,23.368473,160.48645,-144.23149,4.1787972
2025-04-14 18:08:19.000000,26.08919,0.37319615,23.368473,160.48645,-144.23149,4.178797
2025-04-14 18:08:22.000000,26.08919,0.37319615,23.368473,160.48643,-144.23149,4.178797
2025-04-14 18:08:25.000000,26.08919,0.37319615,23.368473,160.48643,-144.23149,4.1787972
2025-04-14 18:08:28.000000,26.08919,0.37319615,23.368473,160.48643,-144.23149,4.1787972
2025-04-14 18:08:31.000000,26.08919,0.37320372,23.368473,160.48645,-144.23149,4.1787972
2025-04-14 18:08:34.000000,26.08919,0.37319615,23.368473,160.48643,-144.23149,4.1787972
2025-04-14 18:08:37.000000,26.089182,0.37319615,23.368473,160.48645,-144.23149,4.1787972
2025-04-14 18:08:40.000000,26.08919,0.37319615,23.368473,160.48643,-144.23149,4.178797
2025-04-14 18:08:43.000000,26.08919,0.37319615,23.368473,160.48643,-144.23149,4.178797
2025-04-14 18:08:46.000000,26.08919,0.37320372,23.368473,160.48645,-144.23149,4.1787972
2025-04-14 18:08:49.000000,26.08919,0.37319615,23.368473,160.48643,-144.2315,4.1787972
2025-04-14 18:08:52.000000,26.08919,0.37319615,23.368473,160.48643,-144.23149,4.1787972
2025-04-14 18:08:55.000000,26.08919,0.37320372,23.368473,160.48645,-144.23149,4.178797
2025-04-14 18:08:58.000000,26.08919,0.37320372,23.368473,160.48643,-144.23149,4.1787972
2025-04-14 18:09:01.000000,26.08919,0.37319615,23.368473,160.48643,-144.23149,4.1787972
2025-04-14 18:09:04.000000,26.08919,0.37319615,23.368473,160.48643,-144.23149,4.1787972
2025-04-14 18:09:07.000000,26.08919,0.37319615,23.368473,160.48643,-144.23149,4.1787972
2025-04-14 18:09:10.000000,26.08919,0.37320372,23.368473,160.48643,-144.23149,4.1787972
2025-04-14 18:09:13.000000,26.08919,0.37319615,23.368473,160.48643,-144.23149,4.1787972
2025-04-14 18:09:16.000000,26.08919,0.37319615,23.368473,160.48645,-144.23149,4.1787972
2025-04-14 18:09:19.000000,26.08919,0.37320372,23.368473,160.48645,-144.23149,4.1787972
2025-04-14 18:09:22.000000,26.08919,0.37319615,23.368473,160.48643,-144.23149,4.1787972
2025-04-14 18:09:25.000000,26.089197,0.37320372,23.368473,160.48643,-144.23149,4.1787972
2025-04-14 18:09:28.000000,26.08919,0.37319615,23.368473,160.48645,-144.23149,4.1787972
2025-04-14 18:09:31.000000,26.08919,0.37319615,23.368473,160.48643,-144.23149,4.178797
2025-04-14 18:09:34.000000,26.08919,0.37319615,23.368473,160.48643,-144.23149,4.1787972
2025-04-14 18:09:37.000000,26.08919,0.37319615,23.368473,160.48645,-144.23149,4.178797
2025-04-14 18:09:40.000000,26.08919,0.37319615,23.368473,160.48643,-144.23149,4.1787972
2025-04-14 18:09:43.000000,26.089197,0.37320372,23.368473,160.48643,-144.23149,4.178797
2025-04-14 18:09:46.000000,26.08919,0.37319615,23.368473,160.48643,-144.23149,4.1787972
2025-04-14 18:09:49.000000,26.08919,0.37319615,23.368473,160.48643,-144.23149,4.1787972
2025-04-14 18:09:52.000000,26.089182,0.37319615,23.368473,160.48643,-144.23149,4.178797
2025-04-14 18:09:55.000000,26.08919,0.37320372,23.368473,160.48645,-144.23149,4.1787972
2025-04-14 18:09:58.000000,26.08919,0.37319615,23.368473,160.48643,-144.23149,4.1787972
2025-04-14 18:10:01.000000,26.08919,0.37319615,23.368473,160.48643,-144.23149,4.178797
2025-04-14 18:10:04.000000,26.08919,0.37319615,23.368473,160.48643,-144.23149,4.1787972
2025-04-14 18:10:07.000000,26.08919,0.37319615,23.368473,160.48645,-144.23149,4.178797
2025-04-14 18:10:10.000000,26.08919,0.37319615,23.368473,160.48643,-144.23149,4.1787972
2025-04-14 18:10:13.000000,26.08919,0.37319615,23.368473,160.48645,-144.23149,4.1787972
2025-04-14 18:10:16.000000,26.08919,0.37319615,23.368473,160.48643,-144.23149,4.1787972
2025-04-14 18:10:19.000000,26.08919,0.37319615,23.368473,160.48643,-144.23149,4.1787972
2025-04-14 18:10:22.000000,26.089182,0.37319615,23.368473,160.48645,-144.23149,4.1787972
2025-04-14 18:10:25.000000,26.08919,0.37319615,23.368473,160.48643,-144.23149,4.1787972
2025-04-14 18:10:28.000000,26.08919,0.37319615,23.368473,160.48643,-144.23149,4.1787972
2025-04-14 18:10:31.000000,26.08919,0.37319615,23.368473,160.48643,-144.23149,4.1787972
2025-04-14 18:10:34.000000,26.08919,0.37319615,23.368473,160.48643,-144.23149,4.178797
2025-04-14 18:10:37.000000,26.08919,0.37319615,23.368473,160.48643,-144.23149,4.1787972
2025-04-14 18:10:40.000000,26.08919,0.37319615,23.368473,160.48643,-144.23149,4.1787972
2025-04-14 18:10:43.000000,26.08919,0.37319615,23.368473,160.48643,-144.23149,4.1787972
2025-04-14 18:10:46.000000,26.08919,0.37319615,23.368473,160.48643,-144.23149,4.1787972
2025-04-14 18:10:49.000000,26.08919,0.37319615,23.368473,160.48643,-144.23149,4.1787972
2025-04-14 18:10:52.000000,26.08919,0.37319615,23.368473,160.48643,-144.23149,4.1787972
2025-04-14 18:10:55.000000,26.08919,0.37319615,23.368473,160.48643,-144.23149,4.1787972
2025-04-14 18:10:58.000000,26.08919,0.37319615,23.368473,160.48643,-144.23149,4.1787972
2025-04-14 18:11:01.000000,26.08919,0.37319615,23.368473,160.48643,-144.23149,4.1787972
2025-04-14 18:11:04.000000,26.08919,0.37319615,23.368473,160.48643,-144.23149,4.1787972
2025-04-14 18:11:07.000000,26.08919,0.37320372,23.368473,160.48643,-144.23149,4.1787972
2025-04-14 18:11:10.000000,26.08919,0.37319615,23.368473,160.48645,-144.23149,4.178797
2025-04-14 18:11:13.000000,26.08919,0.37319615,23.368473,160.48643,-144.23149,4.1787972
2025-04-14 18:11:16.000000,26.08919,0.37320372,23.368473,160.48645,-144.23149,4.178797
2025-04-14 18:11:19.000000,26.08919,0.37318859,23.368473,160.48643,-144.23149,4.1787972
2025-04-14 18:11:22.000000,26.08919,0.37319615,23.368473,160.48643,-144.23149,4.1787972
2025-04-14 18:11:25.000000,26.089182,0.37319994,23.368473,160.48643,-144.23149,4.178797
2025-04-14 18:11:28.000000,26.089182,0.37319615,23.368473,160.48643,-144.23149,4.178797
2025-04-14 18:11:31.000000,26.08919,0.37319615,23.368473,160.48643,-144.23149,4.1787972
2025-04-14 18:11:34.000000,26.08919,0.37319615,23.368473,160.48643,-144.23149,4.178797
2025-04-14 18:11:37.000000,26.08919,0.37320372,23.368473,160.48645,-144.23149,4.1787972
2025-04-14 18:11:40.000000,26.08919,0.37319615,23.368473,160.48643,-144.23149,4.1787972
2025-04-14 18:11:43.000000,26.08919,0.37320372,23.368473,160.48645,-144.23149,4.1787972
2025-04-14 18:11:46.000000,26.08919,0.37320372,23.368473,160.48643,-144.23149,4.1787972
2025-04-14 18:11:49.000000,26.08919,0.37319615,23.368473,160.48643,-144.23149,4.1787972
2025-04-14 18:11:52.000000,26.08919,0.37319615,23.368473,160.48643,-144.23149,4.1787972
2025-04-14 18:11:55.000000,26.08919,0.37319615,23.368473,160.48645,-144.23149,4.1787972
2025-04-14 18:11:58.000000,26.08919,0.37319615,23.368473,160.48643,-144.23149,4.1787972
2025-04-14 18:12:01.000000,26.08919,0.37319615,23.368473,160.48643,-144.23149,4.178797
2025-04-14 18:12:04.000000,26.08919,0.37319615,23.368473,160.48643,-144.23149,4.1787972
2025-04-14 18:12:07.000000,26.08919,0.37319615,23.368473,160.48643,-144.23149,4.1787972
2025-04-14 18:12:10.000000,26.08919,0.37319615,23.368473,160.48643,-144.23149,4.178797
2025-04-14 18:12:13.000000,26.08919,0.37319615,23.368473,160.48643,-144.23149,4.1787972
2025-04-14 18:12:16.000000,26.08919,0.37319615,23.368473,160.48643,-144.23149,4.1787972
2025-04-14 18:12:19.000000,26.08919,0.37319615,23.368473,160.48643,-144.23149,4.1787972
2025-04-14 18:12:22.000000,26.08919,0.37319615,23.368473,160.48643,-144.23149,4.1787972
2025-04-14 18:12:25.000000,26.08919,0.37319615,23.368473,160.48643,-144.23149,4.1787972
2025-04-14 18:12:28.000000,26.08919,0.37319615,23.368473,160.48643,-144.23149,4.1787972
2025-04-14 18:12:31.000000,26.08919,0.37320372,23.368473,160.48645,-144.23149,4.1787972
2025-04-14 18:12:34.000000,26.08919,0.37320372,23.368473,160.48645,-144.23149,4.1787972
2025-04-14 18:12:37.000000,26.08919,0.37319615,23.368473,160.48645,-144.23149,4.1787972
2025-04-14 18:12:40.000000,26.08919,0.37319615,23.368473,160.48645,-144.23149,4.178797
2025-04-14 18:12:43.000000,26.08919,0.37318859,23.368473,160.48643,-144.23149,4.178797
2025-04-14 18:12:46.000000,26.089182,0.37319615,23.368473,160.48645,-144.23149,4.178797
2025-04-14 18:12:49.000000,26.08919,0.37319615,23.368473,160.48643,-144.23149,4.178797
2025-04-14 18:12:52.000000,26.08919,0.37319615,23.368473,160.48643,-144.23149,4.178797
2025-04-14 18:12:55.000000,26.08919,0.37319615,23.368473,160.48643,-144.23149,4.178797
2025-04-14 18:12:58.000000,26.08919,0.37319615,23.368473,160.48645,-144.23149,4.1787972
2025-04-14 18:13:01.000000,26.089182,0.37318859,23.368473,160.48643,-144.23149,4.1787972
2025-04-14 18:13:04.000000,26.08919,0.37319615,23.368473,160.48643,-144.23149,4.1787972
2025-04-14 18:13:07.000000,26.08919,0.37320372,23.368473,160.48645,-144.23149,4.178797
2025-04-14 18:13:10.000000,26.08919,0.37319615,23.368473,160.48643,-144.23149,4.178797
2025-04-14 18:13:13.000000,26.08919,0.37319615,23.368473,160.48643,-144.23149,4.1787972
2025-04-14 18:13:16.000000,26.08919,0.37320372,23.368473,160.48643,-144.23149,4.1787972
2025-04-14 18:13:19.000000,26.08919,0.37319615,23.368473,160.48645,-144.23149,4.1787977
2025-04-14 18:13:22.000000,26.08919,0.37320372,23.368473,160.48645,-144.23149,4.1787972
2025-04-14 18:13:25.000000,26.08919,0.37319615,23.368473,160.48643,-144.23149,4.1787972
2025-04-14 18:13:28.000000,26.089197,0.37320372,23.368473,160.48645,-144.23149,4.1787972
2025-04-14 18:13:31.000000,26.08919,0.37319615,23.368473,160.48643,-144.23149,4.178797
2025-04-14 18:13:34.000000,26.089197,0.37319615,23.368473,160.48643,-144.23149,4.1787972
2025-04-14 18:13:37.000000,26.08919,0.37319615,23.368473,160.48645,-144.23149,4.178797
2025-04-14 18:13:40.000000,26.08919,0.37319615,23.368473,160.48643,-144.23149,4.1787972
2025-04-14 18:13:43.000000,26.08919,0.37319615,23.368473,160.48643,-144.23149,4.178797
2025-04-14 18:13:46.000000,26.08919,0.37319615,23.368473,160.48643,-144.23149,4.178797
2025-04-14 18:13:49.000000,26.08919,0.37319615,23.368473,160.48643,-144.23149,4.1787972
2025-04-14 18:13:52.000000,26.08919,0.37319615,23.368473,160.48645,-144.23149,4.1787972
2025-04-14 18:13:55.000000,26.08919,0.37320372,23.368473,160.48643,-144.23149,4.1787972
2025-04-14 18:13:58.000000,26.08919,0.37319615,23.368473,160.48645,-144.23149,4.178797
2025-04-14 18:14:01.000000,26.08919,0.37319615,23.368473,160.48643,-144.23149,4.1787972
2025-04-14 18:14:04.000000,26.08919,0.37319615,23.368473,160.48643,-144.23149,4.1787972
2025-04-14 18:14:07.000000,26.089197,0.37320372,23.368473,160.48645,-144.23149,4.1787972
2025-04-14 18:14:10.000000,26.08919,0.37319615,23.368473,160.48643,-144.23149,4.178797
2025-04-14 18:14:13.000000,26.08919,0.37319615,23.368473,160.48643,-144.23149,4.178797
2025-04-14 18:14:16.000000,26.08919,0.37320372,23.368473,160.48645,-144.23149,4.1787972
2025-04-14 18:14:19.000000,26.08919,0.37319615,23.368473,160.48643,-144.23149,4.178797
2025-04-14 18:14:22.000000,26.089197,0.37320372,23.368473,160.48645,-144.23149,4.1787972
2025-04-14 18:14:25.000000,26.08919,0.37319615,23.368473,160.48643,-144.23149,4.178797
2025-04-14 18:14:28.000000,26.08919,0.37319615,23.368473,160.48643,-144.23149,4.1787972
2025-04-14 18:14:31.000000,26.08919,0.37319615,23.368473,160.48645,-144.23149,4.178797
2025-04-14 18:14:34.000000,26.08919,0.37319615,23.368473,160.48645,-144.23149,4.1787972
2025-04-14 18:14:37.000000,26.08919,0.37320372,23.368473,160.48645,-144.23149,4.1787972
2025-04-14 18:14:40.000000,26.08919,0.37319615,23.368473,160.48643,-144.23149,4.178797
2025-04-14 18:14:43.000000,26.08919,0.37319615,23.368473,160.48643,-144.23149,4.1787972
2025-04-14 18:14:46.000000,26.08919,0.37319615,23.368473,160.48645,-144.23149,4.178797
2025-04-14 18:14:49.000000,26.08919,0.37318859,23.368473,160.48643,-144.23149,4.178797
2025-04-14 18:14:52.000000,26.08919,0.37320372,23.368473,160.48645,-144.23149,4.1787972
2025-04-14 18:14:55.000000,26.08919,0.37319615,23.368473,160.48643,-144.23149,4.178797
2025-04-14 18:14:58.000000,26.08919,0.37319615,23.368473,160.48643,-144.23149,4.1787972
2025-04-14 18:15:01.000000,26.08919,0.37319615,23.368473,160.48645,-144.23149,4.1787972
2025-04-14 18:15:04.000000,26.08919,0.37319615,23.368473,160.48643,-144.23149,4.1787972
2025-04-14 18:15:07.000000,26.08919,0.37319615,23.368473,160.48643,-144.23149,4.1787972
2025-04-14 18:15:10.000000,26.08919,0.37319615,23.368473,160.48643,-144.23149,4.1787972
2025-04-14 18:15:13.000000,26.08919,0.37319615,23.368473,160.48643,-144.23149,4.1787972
2025-04-14 18:15:16.000000,26.08919,0.37319615,23.368473,160.48643,-144.23149,4.1787972
2025-04-14 18:15:19.000000,26.08919,0.37319615,23.368473,160.48643,-144.23149,4.1787972
2025-04-14 18:15:22.000000,26.08919,0.37319615,23.368473,160.48643,-144.23149,4.1787972
2025-04-14 18:15:25.000000,26.08919,0.37319615,23.368473,160.48645,-144.23149,4.1787972
2025-04-14 18:15:28.000000,26.08919,0.37319615,23.368473,160.48645,-144.23149,4.1787972
2025-04-14 18:15:31.000000,26.08919,0.37320372,23.368473,160.48645,-144.23149,4.1787972
2025-04-14 18:15:34.000000,26.08919,0.37320372,23.368473,160.48645,-144.23149,4.178797
2025-04-14 18:15:37.000000,26.08919,0.37319615,23.368473,160.48643,-144.23149,4.178797
2025-04-14 18:15:40.000000,26.08919,0.37320372,23.368473,160.48643,-144.23149,4.1787972
2025-04-14 18:15:43.000000,26.089182,0.37319615,23.368473,160.48645,-144.23149,4.1787972
2025-04-14 18:15:46.000000,26.08919,0.37319615,23.368473,160.48643,-144.23149,4.1787972
2025-04-14 18:15:49.000000,26.08919,0.37319615,23.368473,160.48645,-144.23149,4.178797
2025-04-14 18:15:52.000000,26.08919,0.37319615,23.368473,160.48643,-144.23149,4.1787972
2025-04-14 18:15:55.000000,26.089182,0.37319615,23.368473,160.48645,-144.23149,4.178797
2025-04-14 18:15:58.000000,26.08919,0.37319615,23.368473,160.48643,-144.23149,4.178797
2025-04-14 18:16:01.000000,26.08919,0.37320372,23.368473,160.48643,-144.23149,4.1787972
2025-04-14 18:16:04.000000,26.08919,0.37319615,23.368473,160.48643,-144.23149,4.1787972
2025-04-14 18:16:07.000000,26.08919,0.37319615,23.368473,160.48643,-144.23149,4.1787972
2025-04-14 18:16:10.000000,26.08919,0.37320372,23.368473,160.48643,-144.23149,4.1787972
2025-04-14 18:16:13.000000,26.08919,0.37319615,23.368473,160.48645,-144.23149,4.1787972
2025-04-14 18:16:16.000000,26.08919,0.37319615,23.368473,160.48643,-144.23149,4.178797
2025-04-14 18:16:19.000000,26.08919,0.37319615,23.368473,160.48643,-144.23149,4.1787972
2025-04-14 18:16:22.000000,26.08919,0.37319615,23.368473,160.48643,-144.23149,4.178797
2025-04-14 18:16:25.000000,26.08919,0.37320372,23.368473,160.48645,-144.23149,4.1787972
2025-04-14 18:16:28.000000,26.08919,0.37320372,23.368473,160.48643,-144.23149,4.1787972
2025-04-14 18:16:31.000000,26.089182,0.37319615,23.368473,160.48643,-144.23149,4.1787972
2025-04-14 18:16:34.000000,26.08919,0.37320372,23.368475,160.48645,-144.23149,4.1787977
2025-04-14 18:16:37.000000,26.08919,0.37319615,23.368473,160.48643,-144.23149,4.1787977
2025-04-14 18:16:40.000000,26.08919,0.37320372,23.368473,160.48645,-144.23149,4.1787972
2025-04-14 18:16:43.000000,26.089182,0.37319615,23.368473,160.48645,-144.23149,4.1787972
2025-04-14 18:16:46.000000,26.08919,0.37319615,23.368473,160.48645,-144.23149,4.1787972
2025-04-14 18:16:49.000000,26.08919,0.37319615,23.368473,160.48643,-144.23149,4.1787972
2025-04-14 18:16:52.000000,26.08919,0.37320372,23.368473,160.48645,-144.23149,4.1787972
2025-04-14 18:16:55.000000,26.08919,0.37320372,23.368473,160.48643,-144.23149,4.1787972
2025-04-14 18:16:58.000000,26.08919,0.37320372,23.368473,160.48645,-144.23149,4.178797
2025-04-14 18:17:01.000000,26.08919,0.37319615,23.368473,160.48643,-144.23149,4.1787972
2025-04-14 18:17:04.000000,26.08919,0.37319615,23.368473,160.48643,-144.23149,4.178797
2025-04-14 18:17:07.000000,26.08919,0.37319615,23.368473,160.48645,-144.23149,4.1787972
2025-04-14 18:17:10.000000,26.08919,0.37319615,23.368473,160.48643,-144.23149,4.178797
2025-04-14 18:17:13.000000,26.08919,0.37320372,23.368473,160.48645,-144.23148,4.1787972
2025-04-14 18:17:16.000000,26.08919,0.37319615,23.368473,160.48643,-144.23149,4.178797
2025-04-14 18:17:19.000000,26.08919,0.37319615,23.368473,160.48643,-144.23149,4.178797
2025-04-14 18:17:22.000000,26.08919,0.37319615,23.368473,160.48645,-144.23149,4.1787972
2025-04-14 18:17:25.000000,26.08919,0.37319615,23.368473,160.48643,-144.23149,4.1787972
2025-04-14 18:17:28.000000,26.08919,0.37319615,23.368473,160.48645,-144.23149,4.1787972
2025-04-14 18:17:31.000000,26.08919,0.37319615,23.368473,160.48643,-144.23149,4.178797
2025-04-14 18:17:34.000000,26.08919,0.37319615,23.368473,160.48643,-144.23149,4.1787972
2025-04-14 18:17:37.000000,26.089182,0.37319615,23.368475,160.48645,-144.23149,4.178797
2025-04-14 18:17:40.000000,26.08919,0.37319615,23.368473,160.48643,-144.23149,4.1787972
2025-04-14 18:17:43.000000,26.08919,0.37319615,23.368473,160.48643,-144.23149,4.1787972
2025-04-14 18:17:46.000000,26.089182,0.37319615,23.368473,160.48643,-144.23149,4.1787972
2025-04-14 18:17:49.000000,26.08919,0.37319615,23.368473,160.48643,-144.23149,4.1787972
2025-04-14 18:17:52.000000,26.089197,0.37320372,23.368473,160.48643,-144.23149,4.1787972
2025-04-14 18:17:55.000000,26.089182,0.37319615,23.368473,160.48643,-144.23149,4.1787972
2025-04-14 18:17:58.000000,26.08919,0.37319615,23.368473,160.48643,-144.23149,4.1787972
2025-04-14 18:18:01.000000,26.08919,0.37319615,23.368473,160.48643,-144.23149,4.1787972
2025-04-14 18:18:04.000000,26.089182,0.37319615,23.368473,160.48643,-144.23149,4.178797
2025-04-14 18:18:07.000000,26.08919,0.37319615,23.368473,160.48643,-144.23149,4.178797
2025-04-14 18:18:10.000000,26.08919,0.37320372,23.368473,160.48643,-144.23149,4.178797
2025-04-14 18:18:13.000000,26.08919,0.37319615,23.368473,160.48643,-144.23149,4.178797
2025-04-14 18:18:16.000000,26.08919,0.37319615,23.368473,160.48643,-144.23149,4.1787972
2025-04-14 18:18:19.000000,26.08919,0.37319615,23.368473,160.48643,-144.23149,4.1787972
2025-04-14 18:18:22.000000,26.08919,0.37319615,23.368473,160.48643,-144.23149,4.178797
2025-04-14 18:18:25.000000,26.08919,0.37319615,23.368473,160.48643,-144.23149,4.1787972
2025-04-14 18:18:28.000000,26.089197,0.37319615,23.368473,160.48643,-144.23149,4.1787972
2025-04-14 18:18:31.000000,26.089182,0.37319615,23.368473,160.48643,-144.23149,4.1787972
2025-04-14 18:18:34.000000,26.08919,0.37319615,23.368473,160.48643,-144.23149,4.1787972
2025-04-14 18:18:37.000000,26.08919,0.37319615,23.368473,160.48643,-144.23149,4.178797
2025-04-14 18:18:40.000000,26.08919,0.37319615,23.368473,160.48643,-144.23149,4.1787972
2025-04-14 18:18:43.000000,26.08919,0.37320372,23.368473,160.48645,-144.23149,4.1787972
2025-04-14 18:18:46.000000,26.08919,0.37318859,23.368473,160.48643,-144.23149,4.178797
2025-04-14 18:18:49.000000,26.08919,0.37320372,23.368473,160.48643,-144.23149,4.1787972
2025-04-14 18:18:52.000000,26.08919,0.37319615,23.368473,160.48645,-144.23149,4.1787972
2025-04-14 18:18:55.000000,26.08919,0.37319615,23.368473,160.48643,-144.23149,4.1787972
2025-04-14 18:18:58.000000,26.08919,0.37319615,23.368473,160.48643,-144.23149,4.1787972
2025-04-14 18:19:01.000000,26.08919,0.37319615,23.368473,160.48643,-144.23149,4.1787972
2025-04-14 18:19:04.000000,26.08919,0.37319615,23.368473,160.48643,-144.23149,4.1787972
2025-04-14 18:19:07.000000,26.08919,0.37319615,23.368473,160.48643,-144.23149,4.1787972
2025-04-14 18:19:10.000000,26.08919,0.37319615,23.368473,160.48643,-144.23149,4.178797
2025-04-14 18:19:13.000000,26.08919,0.37319615,23.368473,160.48643,-144.23149,4.1787972
2025-04-14 18:19:16.000000,26.08919,0.37319615,23.368473,160.48645,-144.23149,4.1787972
2025-04-14 18:19:19.000000,26.08919,0.37319615,23.368473,160.48643,-144.23149,4.1787972
2025-04-14 18:19:22.000000,26.08919,0.37319615,23.368473,160.48645,-144.23149,4.1787972
2025-04-14 18:19:25.000000,26.08919,0.37319615,23.368473,160.48645,-144.23149,4.178797
2025-04-14 18:19:28.000000,26.08919,0.37320372,23.368473,160.48645,-144.23149,4.1787972
2025-04-14 18:19:31.000000,26.08919,0.37319615,23.368473,160.48643,-144.23149,4.1787972
2025-04-14 18:19:34.000000,26.08919,0.37319615,23.368473,160.48643,-144.23149,4.178797
2025-04-14 18:19:37.000000,26.08919,0.37319615,23.368473,160.48643,-144.23149,4.1787972
2025-04-14 18:19:40.000000,26.08919,0.37319615,23.368473,160.48643,-144.23149,4.1787972
2025-04-14 18:19:43.000000,26.08919,0.37319615,23.368473,160.48643,-144.23149,4.1787972
2025-04-14 18:19:46.000000,26.08919,0.37319615,23.368473,160.48643,-144.23149,4.1787972
2025-04-14 18:19:49.000000,26.08919,0.37319615,23.368473,160.48643,-144.23149,4.1787972
2025-04-14 18:19:52.000000,26.08919,0.37320372,23.368473,160.48643,-144.23149,4.1787972
2025-04-14 18:19:55.000000,26.08919,0.37319615,23.368473,160.48643,-144.23149,4.1787972
2025-04-14 18:19:58.000000,26.08919,0.37319615,23.368473,160.48643,-144.23149,4.1787972
2025-04-14 18:20:01.000000,26.08919,0.37319615,23.368473,160.48643,-144.23149,4.1787972
2025-04-14 18:20:04.000000,26.08919,0.37319615,23.368473,160.48643,-144.23149,4.1787972
2025-04-14 18:20:07.000000,26.08919,0.37319615,23.368473,160.48643,-144.23149,4.1787972
2025-04-14 18:20:10.000000,26.08919,0.37319615,23.368473,160.48643,-144.23149,4.1787972
2025-04-14 18:20:13.000000,26.08919,0.37319615,23.368473,160.48643,-144.23149,4.1787972
2025-04-14 18:20:16.000000,26.08919,0.37319615,23.368473,160.48643,-144.23149,4.1787972
2025-04-14 18:20:19.000000,26.08919,0.37319615,23.36847,160.48643,-144.23149,4.1787972
2025-04-14 18:20:22.000000,26.08919,0.37319615,23.368473,160.48643,-144.23149,4.1787972
2025-04-14 18:20:25.000000,26.08919,0.37319615,23.368473,160.48643,-144.23149,4.1787972
2025-04-14 18:20:28.000000,26.08919,0.37319615,23.368473,160.48643,-144.23149,4.1787972
2025-04-14 18:20:31.000000,26.08919,0.37319615,23.368473,160.48645,-144.23149,4.178797
2025-04-14 18:20:34.000000,26.08919,0.37319615,23.368473,160.48643,-144.23149,4.1787972
2025-04-14 18:20:37.000000,26.08919,0.37319615,23.368473,160.48643,-144.23149,4.1787972
2025-04-14 18:20:40.000000,26.08919,0.37319615,23.368473,160.48645,-144.23149,4.1787972
2025-04-14 18:20:43.000000,26.08919,0.37319615,23.368473,160.48643,-144.23149,4.178797
2025-04-14 18:20:46.000000,26.08919,0.37319615,23.368473,160.48643,-144.23149,4.178797
2025-04-14 18:20:49.000000,26.08919,0.37319615,23.368473,160.48643,-144.23149,4.1787972
2025-04-14 18:20:52.000000,26.08919,0.37319615,23.368473,160.48643,-144.23149,4.178797
2025-04-14 18:20:55.000000,26.08919,0.37319615,23.368473,160.48643,-144.23149,4.1787972
