time,pitch_1 (°),roll_1 (°),range_1 (mm),pitch_2 (°),roll_2 (°),range_2 (mm)
2025/4/14 11:43:49,61.81,81.19,30,86.1,-55.88,9
2025/4/14 11:43:52,62.99,81.71,28,86.09,-55.08,9
2025/4/14 11:43:55,64.78,81.55,28,86.51,-54.3,9
2025/4/14 11:43:58,62.82,81.38,29,86.19,-53.49,9
2025/4/14 11:44:01,63.71,81.44,29,86.22,-53.31,8
2025/4/14 11:44:04,77.8,88.66,28,86.48,-49.3,7
2025/4/14 11:44:07,37.59,77.5,19,87.91,-54.66,9
2025/4/14 11:44:10,38.9,77.92,20,86.93,-39.35,8
2025/4/14 11:44:13,51.31,80.4,23,86.82,-38.07,9
2025/4/14 11:44:16,-40.82,70.19,21,87.09,-34.3,8
2025/4/14 11:44:19,25.57,48.4,22,87.86,-38.09,9
2025/4/14 11:44:22,52.08,-38.34,8,87.87,-4.49,10
2025/4/14 11:44:25,34.64,-3.9,9,87.88,-6.81,11
2025/4/14 11:44:28,34.79,-5.37,9,88.12,-6.41,12
2025/4/14 11:44:31,34.38,-6.13,9,87.96,-4.62,10
2025/4/14 11:44:34,34.99,-8.15,10,88.09,-4.78,9
2025/4/14 11:44:37,34.96,-8.15,11,87.98,-6.21,9
2025/4/14 11:44:40,35.06,-8.15,11,87.89,-4.43,10
2025/4/14 11:44:43,34.99,-8.35,11,87.99,-6.94,8
2025/4/14 11:44:46,35.04,-8.49,12,87.97,-6.29,9
2025/4/14 11:44:49,35.08,-8.42,13,87.91,-6.3,8
2025/4/14 11:44:52,35.17,-8.6,12,87.95,-7.18,9
2025/4/14 11:44:55,35.06,-8.71,12,87.93,-6.31,10
2025/4/14 11:44:58,35.04,-8.73,12,87.98,-7.03,10
2025/4/14 11:45:01,35,-8.82,13,87.93,-4.42,10
2025/4/14 11:45:04,35.21,-8.91,10,87.97,-5.96,11
2025/4/14 11:45:07,35.14,-8.92,12,87.91,-4.35,10
2025/4/14 11:45:10,35.2,-8.98,12,88.04,-4.44,11
2025/4/14 11:45:13,35.19,-9.17,11,87.96,-4.64,10
2025/4/14 11:45:16,35.17,-8.96,11,87.88,-3.67,9
2025/4/14 11:45:19,35.18,-9.3,11,87.97,-3.24,11
2025/4/14 11:45:22,35.14,-9.22,13,87.98,-5.51,8
2025/4/14 11:45:25,35.03,-9.26,14,87.98,-6.48,11
2025/4/14 11:45:28,35.26,-9.21,11,88.03,-4.25,11
2025/4/14 11:45:31,35.24,-9.46,11,87.92,-5.17,9
2025/4/14 11:45:34,35.22,-9.53,11,87.97,-3.39,10
2025/4/14 11:45:37,35.18,-9.44,10,87.98,-3.97,10
2025/4/14 11:45:40,35.23,-9.36,10,88.03,-5.38,11
2025/4/14 11:45:43,35.23,-9.48,12,87.97,-4.68,12
2025/4/14 11:45:46,35.19,-9.49,11,88.02,-5.77,9
2025/4/14 11:45:49,35.34,-9.63,11,87.96,-3.08,11
2025/4/14 11:45:52,35.23,-9.48,11,88.09,-5.08,11
2025/4/14 11:45:55,35.37,-9.6,11,88.04,-3.83,11
2025/4/14 11:45:58,35.84,-11.42,12,87.95,-2.5,11
2025/4/14 11:46:01,35.73,-10.62,13,87.86,-4.78,11
2025/4/14 11:46:04,35.57,-10.78,10,87.97,-3.2,11
2025/4/14 11:46:07,35.63,-10.78,11,88.19,-0.66,9
2025/4/14 11:46:10,35.7,-10.83,14,87.87,-5.91,10
2025/4/14 11:46:13,35.75,-10.89,14,87.93,-1.84,9
2025/4/14 11:46:16,35.63,-10.98,13,88.03,-1.89,10
2025/4/14 11:46:19,35.61,-10.84,13,88.02,-2.06,12
2025/4/14 11:46:22,35.7,-10.88,13,87.97,-3,10
2025/4/14 11:46:25,35.7,-10.9,13,88.17,-5.15,11
2025/4/14 11:46:28,35.73,-10.78,11,87.99,-2.26,13
2025/4/14 11:46:31,35.73,-10.94,12,88.01,-3.33,10
2025/4/14 11:46:34,35.73,-10.77,13,88.02,-1.18,11
2025/4/14 11:46:37,35.7,-10.92,11,87.89,-2.67,10
2025/4/14 11:46:40,35.79,-11.74,11,87.94,-3.16,10
2025/4/14 11:46:43,35.77,-11.05,12,88.05,-0.96,11
2025/4/14 11:46:46,35.65,-10.96,11,87.97,-3.27,10
2025/4/14 11:46:49,35.84,-11.11,12,87.91,-2.7,13
2025/4/14 11:46:52,35.76,-11,13,88.14,-2.73,10
2025/4/14 11:46:55,35.79,-11.24,11,88.04,-1.32,12
2025/4/14 11:46:58,35.84,-10.99,13,88.07,1.03,9
2025/4/14 11:47:01,35.81,-11.03,11,88.07,-1.54,12
2025/4/14 11:47:04,35.74,-11.13,13,87.95,-1.14,12
2025/4/14 11:47:07,35.76,-11.06,13,88.04,1.6,13
2025/4/14 11:47:10,35.81,-11.06,13,87.99,-0.47,9
2025/4/14 11:47:13,35.77,-11.01,11,87.98,2.13,10
2025/4/14 11:47:16,35.79,-11.14,11,88.07,-0.7,12
2025/4/14 11:47:19,35.75,-11.02,12,88.04,1.64,13
2025/4/14 11:47:22,35.83,-11,13,88.06,1.36,9
2025/4/14 11:47:25,35.82,-11.14,14,87.97,-0.3,10
2025/4/14 11:47:28,35.82,-11.21,12,88.08,0.04,10
2025/4/14 11:47:31,35.75,-11.1,14,88.18,2.49,12
2025/4/14 11:47:34,35.91,-11.28,13,87.97,3.33,11
2025/4/14 11:47:37,35.73,-11.19,15,88.01,1.44,9
2025/4/14 11:47:40,35.85,-11.23,14,88.12,3,11
2025/4/14 11:47:43,35.92,-11.22,12,88.03,4.06,11
2025/4/14 11:47:46,35.88,-10.95,12,88.03,2.74,11
2025/4/14 11:47:49,35.85,-11.21,13,88.11,2.77,11
2025/4/14 11:47:52,35.89,-11.18,16,88.13,0.24,11
2025/4/14 11:47:55,35.77,-11.2,14,87.87,3.99,12
2025/4/14 11:47:58,35.84,-11.28,13,87.99,3.6,11
2025/4/14 11:48:01,35.87,-11.17,13,88.13,2.89,12
2025/4/14 11:48:04,35.96,-11.25,12,88.04,4.03,12
2025/4/14 11:48:07,35.87,-11.15,12,88.06,5.29,12
2025/4/14 11:48:10,35.89,-11.35,14,88.07,3.4,11
2025/4/14 11:48:13,35.92,-11.32,12,88,2.54,9
2025/4/14 11:48:16,35.82,-11.22,13,88.1,3.93,12
2025/4/14 11:48:19,35.9,-11.31,12,88.12,3.65,13
2025/4/14 11:48:22,35.94,-11.2,14,88.05,3.78,11
2025/4/14 11:48:25,35.86,-11.34,11,87.93,1.95,14
2025/4/14 11:48:29,35.9,-11.22,13,87.92,3.96,10
2025/4/14 11:48:32,35.79,-11.44,13,88.03,3.58,11
2025/4/14 11:48:35,36,-11.22,12,87.95,2.95,14
2025/4/14 11:48:38,35.89,-11.33,13,88.07,3.64,15
2025/4/14 11:48:41,35.96,-11.35,13,87.97,4,12
2025/4/14 11:48:44,35.98,-11.27,14,87.96,4.14,12
2025/4/14 11:48:47,35.9,-11.42,13,88.01,4.99,9
2025/4/14 11:48:50,35.92,-11.41,12,88.08,4.44,10
2025/4/14 11:48:53,35.85,-11.32,12,88,4.93,12
2025/4/14 11:48:56,35.94,-11.4,13,88.01,4.07,11
2025/4/14 11:48:59,35.93,-11.37,14,88.1,4.16,12
2025/4/14 11:49:02,35.9,-11.52,14,88.02,4.89,10
2025/4/14 11:49:05,35.86,-11.38,13,88.04,4.73,11
2025/4/14 11:49:08,35.93,-11.23,13,88.08,4.25,13
2025/4/14 11:49:11,35.94,-11.41,13,88.13,3.88,10
2025/4/14 11:49:14,35.99,-11.44,14,88.05,5.11,13
2025/4/14 11:49:17,35.82,-11.41,12,87.96,4.98,14
2025/4/14 11:49:20,35.95,-11.43,12,88.04,4.85,10
2025/4/14 11:49:23,35.84,-11.41,11,88.03,4.46,9
2025/4/14 11:49:26,35.9,-11.48,10,88.03,3.56,12
2025/4/14 11:49:29,35.81,-11.47,12,87.96,4.47,13
2025/4/14 11:49:32,35.92,-11.45,16,88.12,4.16,12
2025/4/14 11:49:35,35.94,-11.54,12,88.01,5.02,10
2025/4/14 11:49:38,35.97,-11.53,11,88.02,5.16,11
2025/4/14 11:49:41,35.98,-11.52,14,88.05,4.68,14
2025/4/14 11:49:44,35.93,-11.48,13,88.03,4.51,11
2025/4/14 11:49:47,36,-11.53,13,87.94,5.28,12
2025/4/14 11:49:50,35.99,-11.35,11,88.07,4.75,12
2025/4/14 11:49:53,35.84,-11.44,10,88.07,5.33,12
2025/4/14 11:49:56,35.96,-11.37,12,88.04,4.86,11
2025/4/14 11:49:59,36,-11.51,14,88.03,4.39,12
2025/4/14 11:50:02,35.92,-11.47,15,88.1,5.5,10
2025/4/14 11:50:05,36.03,-11.43,15,88.06,4.76,13
2025/4/14 11:50:08,36.07,-11.59,14,88.07,4.18,12
2025/4/14 11:50:11,35.98,-11.57,13,88.04,4.24,14
2025/4/14 11:50:14,36.05,-11.49,13,88.13,6.13,10
2025/4/14 11:50:17,35.95,-11.49,13,88.14,6.56,13
2025/4/14 11:50:20,35.95,-11.66,11,88.07,5.39,12
2025/4/14 11:50:23,35.88,-11.61,13,87.95,4.65,12
2025/4/14 11:50:26,35.99,-11.55,13,88.12,6.43,12
2025/4/14 11:50:29,35.98,-11.57,12,87.98,4.75,11
2025/4/14 11:50:32,35.98,-11.74,11,88.12,4.98,12
2025/4/14 11:50:35,35.98,-11.67,12,88.02,5.01,11
2025/4/14 11:50:38,35.96,-11.67,13,88.15,5.47,11
2025/4/14 11:50:41,35.92,-11.51,12,88.01,6.06,12
2025/4/14 11:50:44,35.91,-11.52,13,88.03,5.1,10
2025/4/14 11:50:47,35.97,-11.54,14,87.97,7.19,12
2025/4/14 11:50:50,35.98,-11.57,14,88.06,5.28,12
2025/4/14 11:50:53,36.03,-11.69,13,88,4.83,11
2025/4/14 11:50:59,36.04,-11.59,13,88.04,5.32,10
2025/4/14 11:51:02,35.85,-11.65,14,88.02,5.4,11
2025/4/14 11:51:05,36.58,-13.64,14,84.71,22.71,6
2025/4/14 11:51:08,36.67,-13.56,12,85.13,21.26,5
2025/4/14 11:51:11,36.62,-13.63,15,85.19,21.27,6
2025/4/14 11:51:14,36.65,-13.46,12,85.2,21.28,7
2025/4/14 11:51:17,36.67,-13.75,14,85.12,21.48,6
2025/4/14 11:51:20,36.59,-13.62,14,84.93,20.79,5
2025/4/14 11:51:23,36.64,-13.33,13,85.42,18.92,7
2025/4/14 11:51:26,36.76,-14.2,15,85.04,19.68,7
2025/4/14 11:51:29,36.42,-13.07,16,84.98,20.89,5
2025/4/14 11:51:32,36.35,-13.05,14,84.88,20.52,5
2025/4/14 11:51:35,36.42,-13,14,85.02,20.41,7
2025/4/14 11:51:38,36.4,-13.27,15,84.89,20.22,6
2025/4/14 11:51:41,36.47,-12.97,14,84.85,19.52,6
2025/4/14 11:51:44,36.43,-13.02,13,84.8,20.33,6
2025/4/14 11:51:47,36.38,-13.04,14,84.82,19.86,7
2025/4/14 11:51:50,36.45,-13.11,13,84.91,20.42,6
2025/4/14 11:51:53,36.51,-13.14,13,84.85,20.54,5
2025/4/14 11:51:56,36.43,-13.14,15,84.86,20.25,3
2025/4/14 11:51:59,36.54,-13.24,15,84.9,19.49,5
2025/4/14 11:52:02,36.44,-13.12,14,84.75,19.66,5
2025/4/14 11:52:05,36.38,-13.16,13,84.77,20,6
2025/4/14 11:52:08,36.42,-12.99,15,84.65,19.17,6
2025/4/14 11:52:11,36.53,-13.07,13,84.78,20.21,6
2025/4/14 11:52:14,37.55,-12.66,12,84.83,19.02,2
2025/4/14 11:52:17,36.44,-13.05,14,84.89,19.84,3
2025/4/14 11:52:20,36.39,-13.05,13,84.76,19.44,9
2025/4/14 11:52:23,36.53,-13.18,14,84.75,19.54,6
2025/4/14 11:52:26,36.43,-13.19,14,84.98,20.45,6
2025/4/14 11:52:29,36.47,-13.11,14,84.9,19.76,6
2025/4/14 11:52:32,36.67,-13.45,14,84.81,19.7,8
2025/4/14 11:52:35,36.44,-13.17,14,84.99,20.3,7
2025/4/14 11:52:38,36.3,-13.06,13,84.73,19.73,6
2025/4/14 11:52:41,36.48,-13.07,13,84.64,19.55,4
2025/4/14 11:52:44,36.46,-13.15,13,84.81,20.1,5
2025/4/14 11:52:47,36.42,-13.16,13,84.88,19.18,5
2025/4/14 11:52:50,36.43,-13.21,14,84.72,19.78,4
2025/4/14 11:52:53,36.49,-12.94,15,84.92,20.34,5
2025/4/14 11:52:56,36.49,-13.19,13,84.61,19.46,5
2025/4/14 11:52:59,36.5,-13.06,13,84.79,19.76,6
2025/4/14 11:53:02,36.45,-13.16,14,84.86,19.92,6
2025/4/14 11:53:05,36.39,-13.08,14,84.82,19.11,5
2025/4/14 11:53:08,36.42,-13.1,13,84.76,19.83,5
2025/4/14 11:53:11,36.46,-13.15,15,84.76,19.22,8
2025/4/14 11:53:14,36.53,-13.3,14,84.61,20.04,5
2025/4/14 11:53:17,36.39,-13,14,84.72,20.19,6
2025/4/14 11:53:20,36.38,-13.2,13,84.81,19.43,8
2025/4/14 11:53:26,36.47,-13.11,14,84.55,20.7,5
2025/4/14 11:53:29,36.42,-13.04,12,84.81,18.89,6
2025/4/14 11:53:32,36.44,-13,14,84.24,19.18,7
2025/4/14 11:53:35,36.44,-13.14,13,84.74,19.55,8
2025/4/14 11:53:38,36.39,-12.92,13,84.59,19.3,6
2025/4/14 11:53:41,36.41,-12.95,14,84.95,19.59,6
2025/4/14 11:53:44,36.32,-13.18,14,84.66,19.73,7
2025/4/14 11:53:47,36.56,-13.21,13,84.88,20.11,8
2025/4/14 11:53:50,36.53,-13.07,13,84.85,19.4,6
2025/4/14 11:53:53,36.42,-13.04,14,84.84,18.89,5
2025/4/14 11:53:56,36.35,-13.2,13,84.84,19.58,7
2025/4/14 11:53:59,36.47,-13.3,14,84.71,19.02,6
2025/4/14 11:54:02,36.35,-13.3,14,84.57,19.46,5
2025/4/14 11:54:05,36.4,-13.21,12,84.6,19.2,4
2025/4/14 11:54:08,36.4,-13.37,13,84.62,19.62,4
2025/4/14 11:54:11,36.29,-13.33,13,84.89,19.38,6
2025/4/14 11:54:14,36.36,-13,15,84.78,18.87,6
2025/4/14 11:54:17,36.37,-13.15,14,84.87,19.74,5
2025/4/14 11:54:20,36.42,-13.01,15,84.73,19.09,7
2025/4/14 11:54:23,36.32,-13.05,15,84.7,19.58,8
2025/4/14 11:54:26,36.54,-13.04,14,85.04,19.41,6
2025/4/14 11:54:29,36.54,-13.33,16,84.73,19.44,4
2025/4/14 11:54:32,36.44,-12.91,13,84.84,20.22,6
2025/4/14 11:54:35,36.55,-13.19,14,84.66,19.82,5
2025/4/14 11:54:38,36.47,-13.24,14,84.63,18.77,4
2025/4/14 11:54:41,36.34,-13.12,13,84.66,19.43,6
2025/4/14 11:54:44,36.44,-13.06,14,84.76,19.83,5
2025/4/14 11:54:47,36.55,-13.03,14,84.62,19.15,7
2025/4/14 11:54:50,36.42,-13.14,14,84.65,19.35,7
2025/4/14 11:54:53,36.35,-13.08,12,84.54,18.51,7
2025/4/14 11:54:56,36.46,-13.12,13,84.7,18.53,8
2025/4/14 11:54:59,36.56,-13.23,14,84.51,18.99,7
2025/4/14 11:55:02,36.48,-13.35,12,84.33,18.39,5
2025/4/14 11:55:05,36.46,-13.32,13,84.54,18.12,5
2025/4/14 11:55:08,36.42,-13.43,13,84.47,19.02,4
2025/4/14 11:55:11,36.47,-13.41,15,67.55,69.54,3
2025/4/14 11:55:14,35.92,-12.33,14,89.95,-20.51,3
2025/4/14 11:55:17,35.87,-12.38,13,74.91,-28.1,5
2025/4/14 11:55:20,36.13,-12.35,15,74.83,-26.66,4
2025/4/14 11:55:23,36.06,-12.3,13,74.89,-26.04,4
2025/4/14 11:55:26,35.95,-12.4,13,74.92,-25.85,6
2025/4/14 11:55:29,36.03,-12.47,13,74.95,-25.56,3
2025/4/14 11:55:32,36.04,-12.61,15,74.98,-25.24,4
2025/4/14 11:55:35,35.82,-12.49,13,74.91,-24.88,4
2025/4/14 11:55:38,35.84,-12.32,15,75.09,-24.49,2
2025/4/14 11:55:41,36.04,-12.46,13,75.02,-24.68,2
2025/4/14 11:55:44,35.96,-12.48,13,74.92,-24.34,4
2025/4/14 11:55:47,35.94,-12.59,12,75.05,-24.26,6
2025/4/14 11:55:50,36.07,-12.49,13,74.91,-23.91,4
2025/4/14 11:55:53,35.91,-12.35,11,75.05,-24.2,3
2025/4/14 11:55:56,36.06,-12.41,13,75.08,-23.32,2
2025/4/14 11:55:59,36.19,-12.52,14,75.05,-23.82,2
2025/4/14 11:56:02,35.83,-12.42,14,75.11,-23.63,1
2025/4/14 11:56:05,35.94,-12.15,13,74.73,-23.09,4
2025/4/14 11:56:08,35.95,-12.61,13,74.96,-23.33,3
2025/4/14 11:56:11,36.01,-12.49,13,74.96,-22.95,3
2025/4/14 11:56:14,36.08,-12.28,13,74.86,-22.93,4
2025/4/14 11:56:17,36.16,-12.58,13,74.98,-23.24,3
2025/4/14 11:56:20,36.04,-12.44,14,74.98,-22.98,3
2025/4/14 11:56:23,36.09,-12.41,11,74.95,-23.08,4
2025/4/14 11:56:26,36.19,-12.46,13,74.97,-22.91,3
2025/4/14 11:56:29,36.1,-12.64,12,74.95,-22.71,4
2025/4/14 11:56:32,36.08,-12.41,13,74.94,-22.76,5
2025/4/14 11:56:38,36.04,-12.29,13,75.05,-22.56,2
2025/4/14 11:56:41,36.04,-12.45,11,75.03,-22.51,2
2025/4/14 11:56:44,36.09,-12.24,12,75.05,-22.53,7
2025/4/14 11:56:47,35.89,-12.6,12,75.04,-22.13,3
2025/4/14 11:56:50,35.9,-12.26,12,75.03,-22.44,4
2025/4/14 11:56:53,36,-12.25,13,75.02,-21.99,1
2025/4/14 11:56:56,35.94,-12.32,13,75.01,-22.17,5
2025/4/14 11:56:59,36.06,-12.18,14,75.12,-22.2,3
2025/4/14 11:57:02,36.06,-12.29,12,75.14,-22.21,4
2025/4/14 11:57:05,35.9,-12.06,12,75.05,-22.09,4
2025/4/14 11:57:08,36.11,-12.36,13,75.1,-22.04,2
2025/4/14 11:57:11,36.04,-12.25,13,75.11,-22.11,3
2025/4/14 11:57:14,35.98,-12.35,15,74.64,-22.1,1
2025/4/14 11:57:17,36.02,-12.53,12,74.98,-21.68,5
2025/4/14 11:57:20,36.09,-12.38,12,75.11,-21.73,5
2025/4/14 11:57:23,36.05,-12.15,12,75.1,-21.63,3
2025/4/14 11:57:26,36.02,-12.27,13,74.97,-21.71,1
2025/4/14 11:57:29,36,-12.32,14,75.03,-20.74,2
2025/4/14 11:57:32,36.09,-12.45,13,75.13,-21.45,3
2025/4/14 11:57:35,36.02,-12.19,13,75.04,-21.05,4
2025/4/14 11:57:38,36.08,-12.39,13,75.03,-21.41,4
2025/4/14 11:57:41,36.09,-12.62,12,75.03,-21.52,6
2025/4/14 11:57:44,36.21,-12.64,13,74.98,-21.3,3
2025/4/14 11:57:47,36.04,-12.56,12,75.48,-21.35,3
2025/4/14 11:57:50,35.95,-12.06,12,75.03,-20.96,2
2025/4/14 11:57:53,36.02,-12.26,13,75.03,-21.21,2
2025/4/14 11:57:56,36.22,-12.48,12,75.1,-21.01,1
2025/4/14 11:57:59,36.04,-12.44,14,75.08,-21.34,4
2025/4/14 11:58:02,36.12,-12.64,14,75.08,-20.65,3
2025/4/14 11:58:05,36.07,-12.66,13,75.01,-20.98,1
2025/4/14 11:58:08,35.95,-12.42,12,75.17,-19.6,3
2025/4/14 11:58:11,35.92,-12.4,12,75.12,-21.03,2
2025/4/14 11:58:14,36.13,-12.39,13,75.08,-20.72,4
2025/4/14 11:58:17,35.98,-12.5,14,75.16,-20.64,4
2025/4/14 11:58:20,35.99,-12.45,13,75.21,-20.58,2
2025/4/14 11:58:23,36.08,-12.46,14,75.05,-20.77,3
2025/4/14 11:58:26,35.93,-12.4,14,75.11,-20.59,5
2025/4/14 11:58:29,36.14,-12.33,12,75.17,-20.33,2
2025/4/14 11:58:32,36.09,-12.61,14,75.24,-20.53,1
2025/4/14 11:58:35,35.79,-12.34,14,75.24,-20.39,3
2025/4/14 11:58:38,35.91,-12.34,11,75.15,-20.32,4
2025/4/14 11:58:41,35.78,-12.17,14,75.13,-20.14,3
2025/4/14 11:58:44,36.05,-12.64,13,75.15,-20.49,3
2025/4/14 11:58:47,35.96,-12.36,13,75.18,-20.2,2
2025/4/14 11:58:50,35.92,-12.36,14,75.11,-20.21,2
2025/4/14 11:58:53,35.95,-12.43,12,75.24,-19.98,3
2025/4/14 11:58:56,36.2,-12.24,12,75.16,-20.3,2
2025/4/14 11:58:59,36.25,-12.23,14,75.11,-20.37,3
2025/4/14 11:59:02,35.99,-12.14,15,75.2,-20.03,4
2025/4/14 11:59:05,35.98,-12.05,13,75.21,-20.2,4
2025/4/14 11:59:08,35.97,-12.43,12,75.2,-20.14,3
2025/4/14 11:59:11,36.04,-12.37,14,75.15,-20.22,5
2025/4/14 11:59:14,36.08,-12.41,13,75.22,-20.07,5
2025/4/14 11:59:17,36.01,-12.37,12,75.21,-20.38,3
2025/4/14 11:59:20,36.11,-12.33,13,75.16,-19.94,6
2025/4/14 11:59:23,35.93,-12.43,15,75.18,-19.87,3
2025/4/14 11:59:26,36.09,-12.28,14,75.14,-19.9,4
2025/4/14 11:59:29,36.01,-12.38,15,75.19,-19.83,2
2025/4/14 11:59:32,36.08,-12.49,11,75.21,-19.6,3
2025/4/14 11:59:35,36.05,-12.39,13,75.26,-19.7,5
2025/4/14 11:59:38,36.01,-12.54,12,75.25,-19.72,3
2025/4/14 11:59:41,35.91,-12.4,15,75.17,-19.32,3
2025/4/14 11:59:44,36.03,-12.27,9,75.21,-19.49,1
2025/4/14 11:59:47,36,-12.46,13,75.16,-19.64,4
2025/4/14 11:59:50,36.05,-12.46,12,75.16,-19.72,4
2025/4/14 11:59:53,36.13,-12.39,13,75.26,-19.58,7
2025/4/14 11:59:56,36.07,-12.49,12,75.21,-19.33,3
2025/4/14 11:59:59,36.02,-12.4,14,75.21,-19.38,4
2025/4/14 12:00:02,36.06,-12.43,14,75.29,-19.61,4
2025/4/14 12:00:05,36.13,-12.33,13,75.11,-19.46,4
2025/4/14 12:00:08,36.01,-12.67,13,75.27,-19.43,3
2025/4/14 12:00:11,36.07,-12.4,14,75.2,-19.24,4
2025/4/14 12:00:14,36.07,-12.3,14,75.17,-19.02,5
2025/4/14 12:00:17,35.99,-12.37,13,75.11,-19.09,4
2025/4/14 12:00:20,36.11,-12.27,13,75.1,-19.17,3
2025/4/14 12:00:23,36.03,-12.44,13,75.27,-18.98,4
2025/4/14 12:00:26,35.94,-12.46,12,75.16,-19.03,4
2025/4/14 12:00:29,35.96,-12.28,13,75.11,-19.39,4
2025/4/14 12:00:32,36.01,-12.36,12,75.16,-18.72,5
2025/4/14 12:00:35,36.12,-12.28,13,75.17,-18.97,5
2025/4/14 12:00:38,35.96,-12.63,14,75.15,-18.89,2
2025/4/14 12:00:41,36.16,-12.42,12,75.21,-18.82,5
2025/4/14 12:00:44,35.91,-12.41,11,75.1,-18.48,3
2025/4/14 12:00:47,36.21,-12.61,13,75.1,-18.77,5
2025/4/14 12:00:50,35.97,-12.24,14,75.2,-18.38,2
2025/4/14 12:00:53,36.17,-12.39,13,75.09,-18.52,5
2025/4/14 12:00:57,36.17,-12.49,13,75.2,-18.88,2
2025/4/14 12:01:00,36.08,-12.36,12,75.32,-18.88,4
2025/4/14 12:01:03,36.01,-12.34,14,75.16,-18.59,2
2025/4/14 12:01:06,35.95,-12.32,14,75.16,-18.68,4
2025/4/14 12:01:09,36.01,-12.33,14,75.27,-18.6,4
2025/4/14 12:01:12,36.19,-12.54,14,75.2,-18.8,1
2025/4/14 12:01:15,35.99,-12.27,12,75.17,-18.56,3
2025/4/14 12:01:18,35.97,-12.43,13,75.4,-18.77,4
2025/4/14 12:01:21,36.01,-12.39,13,75.19,-18.41,4
2025/4/14 12:01:24,36.03,-12.37,13,75.09,-18.37,6
2025/4/14 12:01:27,36.11,-12.36,13,75.13,-18.45,6
2025/4/14 12:01:30,35.99,-12.32,12,75.19,-18.23,4
2025/4/14 12:01:33,35.96,-12.41,12,75.2,-18.13,4
2025/4/14 12:01:36,36.1,-12.42,11,75.27,-18.32,4
2025/4/14 12:01:39,36.15,-12.48,13,75.17,-18.35,7
2025/4/14 12:01:42,35.99,-12.38,15,75.19,-18.31,4
2025/4/14 12:01:45,36.05,-12.35,11,75.12,-18.09,2
2025/4/14 12:01:48,36.04,-12.36,12,75.17,-17.91,4
2025/4/14 12:01:51,36.11,-12.31,12,75.24,-18.35,2
2025/4/14 12:01:54,36.06,-12.37,14,75.11,-17.79,3
2025/4/14 12:01:57,36.12,-12.39,14,75.16,-17.95,5
2025/4/14 12:02:00,36.05,-12.33,13,75.27,-17.98,2
2025/4/14 12:02:03,36,-12.44,13,75.21,-17.96,3
2025/4/14 12:02:06,36.07,-12.31,14,75.29,-17.98,2
2025/4/14 12:02:09,36.05,-12.31,11,75.11,-17.99,2
2025/4/14 12:02:12,36.17,-12.38,11,75.12,-18.12,3
2025/4/14 12:02:15,36.16,-12.38,13,75.25,-17.98,4
2025/4/14 12:02:18,36.05,-12.4,13,75.19,-17.64,5
2025/4/14 12:02:21,36.09,-12.44,12,75.33,-17.84,2
2025/4/14 12:02:24,36,-12.4,13,75.19,-17.74,4
2025/4/14 12:02:27,36.1,-12.3,12,75.3,-18.3,4
2025/4/14 12:02:30,36.34,-12.49,14,75,-17.68,2
2025/4/14 12:02:33,36.07,-12.32,12,75.43,-17.96,2
2025/4/14 12:02:36,36.14,-12.31,12,75.17,-17.95,6
2025/4/14 12:02:39,36,-12.43,12,75.28,-17.59,4
2025/4/14 12:02:42,36.22,-12.6,13,75.16,-17.63,3
2025/4/14 12:02:45,36,-12.36,14,75.12,-17.62,2
2025/4/14 12:02:48,36.06,-12.41,13,75.23,-17.59,2
2025/4/14 12:02:51,36.09,-12.39,13,75.12,-17.64,5
2025/4/14 12:02:54,36.1,-12.26,14,75.31,-17.89,2
2025/4/14 12:02:57,36.53,-12.41,13,75.39,-18.42,2
2025/4/14 12:03:00,36.03,-12.45,14,75.22,-17.85,2
2025/4/14 12:03:03,35.98,-12.33,13,75.27,-17.68,3
2025/4/14 12:03:06,36.04,-12.38,13,75.32,-18.19,4
2025/4/14 12:03:09,36.05,-12.31,13,75.26,-17.94,3
2025/4/14 12:03:12,35.92,-12.35,12,75.3,-17.9,3
2025/4/14 12:03:15,36.01,-12.25,13,75.22,-17.88,5
2025/4/14 12:03:18,36.08,-12.26,13,75.28,-18.03,2
2025/4/14 12:03:21,36.1,-12.3,14,75.38,-18.34,6
2025/4/14 12:03:24,36.13,-12.23,12,75.31,-17.93,2
2025/4/14 12:03:27,36.11,-12.16,13,75.28,-17.83,4
2025/4/14 12:03:30,35.96,-12.27,12,75.27,-17.69,4
2025/4/14 12:03:33,36.03,-12.4,11,75.24,-18.21,3
2025/4/14 12:03:36,36.09,-12.34,13,75.27,-17.92,2
2025/4/14 12:03:42,36.05,-12.41,12,75.28,-18.26,5
2025/4/14 12:03:45,36.07,-12.21,13,75.33,-18.01,4
2025/4/14 12:03:48,35.99,-12.53,12,75.32,-17.69,5
2025/4/14 12:03:51,36.19,-12.88,11,75.3,-18.22,3
2025/4/14 12:03:54,36.01,-12.37,12,75.17,-18.06,4
2025/4/14 12:03:57,36.08,-12.44,14,75.32,-17.9,6
2025/4/14 12:04:00,36.05,-12.48,12,75.32,-17.86,4
2025/4/14 12:04:03,35.99,-12.31,12,75.31,-18.01,3
2025/4/14 12:04:06,36.09,-12.4,14,75.36,-17.89,2
2025/4/14 12:04:09,35.95,-12.44,12,75.34,-18.17,2
2025/4/14 12:04:12,36.18,-12.49,14,75.37,-18.17,4
2025/4/14 12:04:15,36.03,-12.35,12,75.33,-18.08,3
2025/4/14 12:04:18,35.95,-12.6,13,75.24,-18.12,4
2025/4/14 12:04:21,36.11,-12.26,11,75.25,-18.17,2
2025/4/14 12:04:24,36.07,-12.29,11,75.25,-18.37,3
2025/4/14 12:04:27,36.07,-12.51,11,75.32,-17.98,4
2025/4/14 12:04:30,36.07,-12.5,12,75.24,-17.95,5
2025/4/14 12:04:33,36.13,-12.22,13,75.15,-18.01,3
2025/4/14 12:04:36,35.97,-12.39,11,75.22,-18.18,6
2025/4/14 12:04:39,36.08,-12.27,12,75.08,-18.04,6
2025/4/14 12:04:42,35.99,-12.41,13,75.23,-18.16,5
2025/4/14 12:04:45,36.1,-12.6,10,75.31,-18.18,2
2025/4/14 12:04:48,36.04,-12.38,11,75.17,-18.03,3
2025/4/14 12:04:51,36.09,-12.46,12,75.43,-18.28,2
2025/4/14 12:04:54,36.05,-12.4,11,75.14,-17.79,4
2025/4/14 12:04:57,35.99,-12.33,13,75.12,-17.88,4
2025/4/14 12:05:00,36.04,-12.37,11,75.32,-17.63,4
2025/4/14 12:05:03,36.06,-12.45,12,75.29,-17.86,4
2025/4/14 12:05:06,36.18,-12.29,11,75.25,-18.15,2
2025/4/14 12:05:09,36.23,-12.64,13,75.26,-17.36,1
2025/4/14 12:05:12,36.08,-12.34,13,75.17,-17.79,3
2025/4/14 12:05:15,35.95,-12.39,12,75.24,-17.75,2
2025/4/14 12:05:18,36.06,-12.26,12,75.18,-18.04,3
2025/4/14 12:05:21,36.16,-12.06,12,75.29,-18.09,6
2025/4/14 12:05:24,36.04,-12.34,11,75.19,-17.66,3
2025/4/14 12:05:27,36.01,-12.38,11,75.24,-17.93,3
2025/4/14 12:05:30,36.13,-12.79,12,75.35,-17.88,5
2025/4/14 12:05:33,36.03,-12.31,13,75.3,-17.76,5
2025/4/14 12:05:36,36.03,-12.44,15,75.25,-17.97,1
2025/4/14 12:05:39,36.13,-12.33,12,75.19,-17.95,3
2025/4/14 12:05:42,36.28,-12.5,14,74.88,-18,5
2025/4/14 12:05:45,35.87,-12.52,10,75.48,-16.63,3
2025/4/14 12:05:48,36.07,-12.32,12,75.27,-17.71,5
2025/4/14 12:05:51,36.04,-12.33,12,75.26,-17.49,4
2025/4/14 12:05:54,36.05,-12.01,12,75.25,-17.71,2
2025/4/14 12:05:57,35.97,-12.36,12,75.25,-17.96,4
2025/4/14 12:06:00,35.94,-12.4,13,75.26,-18.12,5
2025/4/14 12:06:03,36.14,-12.35,10,75.27,-18.03,4
2025/4/14 12:06:06,35.9,-12.39,10,75.33,-17.86,2
2025/4/14 12:06:09,36.24,-11.81,13,75.31,-18.02,3
2025/4/14 12:06:12,36.03,-12.3,12,75.23,-17.97,2
2025/4/14 12:06:15,36.07,-12.49,12,75.26,-17.97,5
2025/4/14 12:06:18,35.99,-12.41,13,75.24,-17.74,2
2025/4/14 12:06:21,36.04,-12.37,12,75.99,-17.97,4
2025/4/14 12:06:24,35.98,-12.4,11,75.19,-17.98,1
2025/4/14 12:06:27,35.97,-12.41,12,75.32,-17.72,3
2025/4/14 12:06:33,35.95,-12.36,12,75.21,-17.8,5
2025/4/14 12:06:36,36.02,-12.43,11,75.26,-17.82,5
2025/4/14 12:06:39,36.17,-12.41,12,75.4,-18.02,4
2025/4/14 12:06:42,36.04,-12.5,12,75.31,-17.82,5
2025/4/14 12:06:45,36.12,-12.37,13,75.38,-18.04,6
2025/4/14 12:06:48,35.95,-12.49,12,75.26,-17.74,7
2025/4/14 12:06:51,35.99,-12.51,11,75.36,-17.97,4
2025/4/14 12:06:54,35.85,-12.38,12,75.14,-17.82,4
2025/4/14 12:06:57,36.07,-12.52,12,75.19,-17.86,4
2025/4/14 12:07:00,36.09,-12.62,12,75.27,-17.65,3
2025/4/14 12:07:03,35.96,-12.42,11,75.25,-17.61,4
2025/4/14 12:07:06,36.08,-12.41,12,75.19,-17.88,1
2025/4/14 12:07:09,35.94,-12.69,12,75.24,-17.72,3
2025/4/14 12:07:12,36.05,-12.3,12,75.31,-17.93,2
2025/4/14 12:07:15,36.09,-12.49,12,75.36,-17.77,2
2025/4/14 12:07:18,35.96,-12.46,12,75.24,-17.66,5
2025/4/14 12:07:21,36.07,-12.39,11,75.29,-18.13,4
2025/4/14 12:07:24,35.99,-12.33,13,75.28,-18.48,3
2025/4/14 12:07:27,35.93,-12.33,13,75.35,-17.91,3
2025/4/14 12:07:30,35.95,-12.51,12,75.25,-18.07,3
2025/4/14 12:07:33,35.98,-12.28,12,75.26,-18.07,2
2025/4/14 12:07:36,36.01,-12.53,12,75.23,-17.94,5
2025/4/14 12:07:39,35.94,-12.43,11,75.28,-18.13,4
2025/4/14 12:07:42,36.05,-12.52,12,75.33,-17.76,1
2025/4/14 12:07:45,36.04,-12.49,11,75.23,-18.13,0
2025/4/14 12:07:48,35.94,-12.4,12,75.26,-18.33,3
2025/4/14 12:07:54,35.93,-12.43,11,75.34,-18.19,4
2025/4/14 12:07:57,35.93,-12.44,10,75.13,-18.21,4
2025/4/14 12:08:00,36.08,-12.4,12,75.34,-17.78,4
2025/4/14 12:08:03,35.98,-12.36,12,75.18,-17.8,2
2025/4/14 12:08:06,36.02,-12.28,13,75.23,-17.92,5
2025/4/14 12:08:09,36.13,-12.33,11,75.18,-17.62,4
2025/4/14 12:08:12,36.07,-12.27,11,75.24,-17.97,4
2025/4/14 12:08:15,36.15,-12.43,11,75.24,-17.77,3
2025/4/14 12:08:18,36.02,-12.39,11,75.19,-18.2,4
2025/4/14 12:08:21,36.06,-12.57,12,75.24,-17.99,3
2025/4/14 12:08:24,36.09,-12.28,13,75.29,-17.89,5
2025/4/14 12:08:27,36.02,-12.47,13,75.27,-18.22,4
2025/4/14 12:08:30,36.06,-12.39,12,75.21,-18.04,3
2025/4/14 12:08:33,36.09,-12.24,12,75.29,-18.02,4
2025/4/14 12:08:36,36.11,-12.36,12,75.25,-17.87,2
2025/4/14 12:08:39,36.06,-12.42,12,75.14,-17.81,5
2025/4/14 12:08:42,35.99,-12.3,11,75.18,-17.7,5
2025/4/14 12:08:45,36.11,-12.32,12,75.25,-18.01,4
2025/4/14 12:08:48,36.06,-12.28,13,75.32,-17.85,0
2025/4/14 12:08:51,35.96,-12.44,13,75.27,-17.38,4
2025/4/14 12:08:54,36.09,-12.51,11,75.24,-17.72,1
2025/4/14 12:08:57,36.02,-12.52,14,75.25,-17.88,4
2025/4/14 12:09:00,36.15,-12.47,13,75.22,-17.79,5
2025/4/14 12:09:03,36.08,-12.58,13,75.21,-17.61,4
2025/4/14 12:09:06,35.95,-12.49,12,75.19,-17.6,3
2025/4/14 12:09:09,35.96,-12.44,14,75.2,-17.54,3
2025/4/14 12:09:12,36.03,-12.35,12,75.19,-18.06,6
2025/4/14 12:09:15,35.97,-12.51,12,75.3,-17.85,4
2025/4/14 12:09:18,36.02,-12.32,12,75.25,-17.78,3
2025/4/14 12:09:21,36.04,-12.49,12,75.26,-17.55,3
2025/4/14 12:09:24,35.97,-12.33,12,75.33,-17.92,2
2025/4/14 12:09:27,36.06,-12.35,10,75.34,-17.96,3
2025/4/14 12:09:30,36,-12.39,14,75.23,-17.97,3
2025/4/14 12:09:33,35.99,-12.39,13,75.28,-17.76,3
2025/4/14 12:09:36,35.91,-12.44,13,75.23,-18.02,5
2025/4/14 12:09:39,35.9,-12.29,12,75.24,-17.86,3
2025/4/14 12:09:45,35.93,-12.38,14,75.31,-18.03,3
2025/4/14 12:09:48,36.01,-12.38,13,75.24,-17.97,2
2025/4/14 12:09:51,36.07,-12.47,12,75.28,-17.77,2
2025/4/14 12:09:54,36.34,-12.65,12,74.89,-18.01,4
2025/4/14 12:09:57,36.14,-12.44,11,75.2,-17.47,5
2025/4/14 12:10:00,35.95,-12.43,13,75.2,-17.68,2
2025/4/14 12:10:03,36,-12.44,12,75.2,-17.52,3
2025/4/14 12:10:06,36.06,-12.4,13,75.16,-17.87,3
2025/4/14 12:10:09,36.12,-12.26,12,74.45,-17.39,2
2025/4/14 12:10:12,36,-12.41,14,75.23,-17.65,2
2025/4/14 12:10:15,36.07,-12.23,11,75.35,-17.83,3
2025/4/14 12:10:18,36.02,-12.37,12,74.97,-18.66,3
2025/4/14 12:10:21,35.51,-12.42,12,75.2,-18.09,3
2025/4/14 12:10:24,35.93,-12.45,12,75.25,-18.11,4
2025/4/14 12:10:27,36.08,-12.27,13,75.32,-18.24,3
2025/4/14 12:10:30,36.04,-12.39,13,75.28,-18.01,2
2025/4/14 12:10:33,36.01,-12.44,10,75.25,-17.97,5
2025/4/14 12:10:36,35.99,-12.34,12,75.31,-18.03,5
2025/4/14 12:10:39,36.07,-12.28,12,75.24,-17.61,3
2025/4/14 12:10:42,36.02,-12.32,13,75.32,-18.01,4
2025/4/14 12:10:45,36.08,-12.42,13,75.2,-17.84,4
2025/4/14 12:10:48,36.04,-12.42,13,75.23,-18.03,4
2025/4/14 12:10:51,36,-12.38,12,75.25,-17.69,4
2025/4/14 12:10:54,36.03,-12.38,13,75.12,-17.92,2
2025/4/14 12:10:57,36.02,-12.44,12,75.16,-17.94,2
2025/4/14 12:11:00,36.05,-12.42,12,75.22,-17.92,2
2025/4/14 12:11:03,36,-12.28,11,75.18,-18.05,3
2025/4/14 12:11:06,35.95,-12.41,13,75.25,-18.16,1
2025/4/14 12:11:09,36.1,-12.34,12,75.17,-17.95,3
2025/4/14 12:11:12,36.02,-12.44,13,75.14,-17.54,2
2025/4/14 12:11:15,36.14,-12.27,13,75.4,-18.07,3
2025/4/14 12:11:18,36.02,-12.37,11,75.18,-17.58,3
2025/4/14 12:11:21,36.19,-12.45,12,75.23,-18.33,4
2025/4/14 12:11:24,36.02,-12.35,12,75.32,-18.32,7
2025/4/14 12:11:27,36.06,-12.2,12,75.1,-18.18,4
2025/4/14 12:11:30,36.04,-12.41,13,75.28,-17.96,2
2025/4/14 12:11:33,36.09,-12.29,12,75.29,-17.94,2
2025/4/14 12:11:36,35.94,-12.39,13,75.27,-17.61,4
2025/4/14 12:11:39,35.99,-12.31,12,75.31,-17.81,3
2025/4/14 12:11:42,35.91,-12.49,11,75.3,-17.93,2
2025/4/14 12:11:45,36.12,-12.36,13,75.36,-18.33,3
2025/4/14 12:11:48,36.04,-12.21,14,75.27,-17.83,2
2025/4/14 12:11:51,36.03,-12.39,13,75.27,-18.3,5
2025/4/14 12:11:54,36.12,-12.41,13,75.28,-17.85,5
2025/4/14 12:11:57,35.95,-12.53,14,75.17,-18.06,4
2025/4/14 12:12:00,36.04,-12.31,13,75.3,-17.95,5
2025/4/14 12:12:03,36.1,-12.37,12,75.36,-17.81,3
2025/4/14 12:12:06,36.06,-12.37,12,75.24,-17.94,6
2025/4/14 12:12:09,36.04,-12.37,12,75.13,-18.03,3
2025/4/14 12:12:12,35.97,-12.31,12,75.31,-17.97,4
2025/4/14 12:12:15,35.99,-12.34,12,75.31,-18.02,4
2025/4/14 12:12:18,36.08,-12.2,12,75.25,-18.17,4
2025/4/14 12:12:21,35.98,-12.32,12,75.24,-18.02,4
2025/4/14 12:12:24,35.93,-12.34,14,75.24,-18.44,2
2025/4/14 12:12:27,35.94,-12.43,13,75.15,-18.06,3
2025/4/14 12:12:30,36.08,-12.42,12,75.14,-18.02,4
2025/4/14 12:12:33,36.07,-12.48,12,75.33,-17.99,5
2025/4/14 12:12:37,36.09,-12.43,13,75.19,-18.04,2
2025/4/14 12:12:40,36.03,-12.38,15,75.24,-18.31,3
2025/4/14 12:12:43,36.02,-12.38,13,75.28,-18.01,4
2025/4/14 12:12:46,36.06,-12.21,12,75.17,-17.94,3
2025/4/14 12:12:49,36.05,-12.29,14,75.19,-17.78,5
2025/4/14 12:12:52,36.01,-12.42,12,75.24,-18.04,4
2025/4/14 12:12:55,36.05,-12.42,14,75.3,-17.88,2
2025/4/14 12:12:58,36,-12.3,13,75.31,-18.09,2
2025/4/14 12:13:01,36.12,-12.08,14,75.21,-18,5
2025/4/14 12:13:04,35.93,-12.41,12,75.23,-17.95,5
2025/4/14 12:13:07,36.01,-12.43,14,75.21,-18.07,5
2025/4/14 12:13:10,35.97,-12.34,13,75.13,-17.65,5
2025/4/14 12:13:13,35.97,-12.3,12,75.22,-17.81,5
2025/4/14 12:13:16,35.9,-12.14,14,75.22,-18.04,1
2025/4/14 12:13:19,36.08,-12.35,12,75.29,-18.02,5
2025/4/14 12:13:22,35.94,-12.38,13,75.26,-18,4
2025/4/14 12:13:25,36.06,-12.4,14,75.29,-17.95,3
2025/4/14 12:13:28,36.05,-12.41,15,75.21,-17.57,2
2025/4/14 12:13:31,36.12,-12.5,13,75.19,-17.55,3
2025/4/14 12:13:34,36.07,-12.36,14,75.17,-17.56,2
2025/4/14 12:13:37,36.11,-12.34,12,75.22,-17.62,1
2025/4/14 12:13:40,36.14,-12.52,14,75.18,-17.59,4
2025/4/14 12:13:43,35.96,-12.51,13,75.15,-17.44,2
2025/4/14 12:13:46,35.92,-12.38,13,75.19,-17.88,4
2025/4/14 12:13:49,36.04,-12.49,13,75.19,-17.4,5
2025/4/14 12:13:52,36.12,-12.4,14,75.23,-17.69,2
2025/4/14 12:13:55,35.99,-12.4,13,75.19,-17.56,4
2025/4/14 12:13:58,36.14,-12.46,14,75.22,-17.73,2
2025/4/14 12:14:01,35.97,-12.5,12,75.14,-17.52,2
2025/4/14 12:14:04,36.01,-12.47,14,75.26,-17.8,3
2025/4/14 12:14:07,36.13,-12.33,14,75.17,-17.42,3
2025/4/14 12:14:10,36.06,-12.4,12,75.4,-17.73,3
2025/4/14 12:14:13,36,-12.5,15,75.25,-17.92,4
2025/4/14 12:14:16,35.99,-12.4,14,75.23,-18.13,2
2025/4/14 12:14:19,36.03,-12.29,13,75.23,-17.84,4
2025/4/14 12:14:22,36.01,-12.52,13,75.3,-17.91,2
2025/4/14 12:14:25,36.04,-12.34,13,75.14,-17.96,6
2025/4/14 12:14:28,36.11,-12.36,13,75.29,-17.83,2
2025/4/14 12:14:31,36.18,-12.36,13,75.21,-17.47,3
2025/4/14 12:14:34,36.07,-12.5,12,75.71,-17.99,3
2025/4/14 12:14:37,35.97,-12.47,13,75.25,-17.64,4
2025/4/14 12:14:40,36.03,-12.4,14,75.3,-17.74,2
2025/4/14 12:14:43,36.05,-12.52,12,75.1,-17.87,2
2025/4/14 12:14:46,36.05,-12.29,14,75.21,-17.79,4
2025/4/14 12:14:52,36.15,-12.49,13,75.25,-17.9,1
2025/4/14 12:14:55,36.03,-12.08,14,75.32,-17.77,4
2025/4/14 12:14:58,35.85,-12.34,13,75.3,-15.02,6
2025/4/14 12:15:01,35.89,-12.29,14,75.45,-15.56,9
2025/4/14 12:15:04,35.97,-12.31,13,75.36,-15.1,8
2025/4/14 12:15:07,35.95,-12.35,12,75.53,-15.01,10
2025/4/14 12:15:10,35.8,-12.34,11,75.38,-15.43,11
2025/4/14 12:15:16,35.85,-12.18,12,75.42,-15.29,8
2025/4/14 12:15:19,35.86,-12.43,13,75.44,-15.32,9
2025/4/14 12:15:22,35.76,-12.29,15,75.32,-15.23,7
2025/4/14 12:15:25,35.85,-12.3,13,75.48,-15.32,10
2025/4/14 12:15:28,35.87,-12.35,12,75.42,-15.37,11
2025/4/14 12:15:31,35.93,-12.26,15,75.26,-15.17,10
2025/4/14 12:15:34,35.9,-12.29,12,75.46,-15.37,12
2025/4/14 12:15:37,35.92,-12.35,13,75.36,-15.43,10
2025/4/14 12:15:40,35.83,-12.14,13,74.96,-15.31,11
2025/4/14 12:15:43,35.88,-12.37,14,75.39,-15.38,9
2025/4/14 12:15:46,36.65,-12.83,12,75.32,-14.71,10
2025/4/14 12:15:49,35.47,-11.98,12,75.44,-15.16,9
2025/4/14 12:15:52,35.8,-12.16,13,75.17,-15.28,11
2025/4/14 12:15:55,36.1,-12.31,12,75.1,-15.28,11
2025/4/14 12:15:58,35.78,-12.31,13,75.29,-14.7,10
2025/4/14 12:16:01,35.79,-12.2,13,75.39,-15.2,11
2025/4/14 12:16:04,35.82,-12.13,12,75.3,-15.15,12
2025/4/14 12:16:07,35.97,-12.48,14,75.44,-14.88,11
2025/4/14 12:16:10,35.95,-12.22,13,75.24,-14.62,9
2025/4/14 12:16:13,36.28,-12.47,12,75.32,-15.15,11
2025/4/14 12:16:16,35.8,-12.37,13,75.21,-15.02,12
2025/4/14 12:16:19,35.91,-12.37,13,75.42,-15.25,11
2025/4/14 12:16:22,36.04,-12.34,13,75.41,-14.91,13
2025/4/14 12:16:25,35.89,-12.21,14,75.49,-15.4,12
2025/4/14 12:16:28,35.89,-12.3,13,75.55,-15.01,11
2025/4/14 12:16:31,35.86,-12.41,13,75.36,-14.98,11
2025/4/14 12:16:34,35.89,-12.33,13,75.4,-15.12,13
2025/4/14 12:16:37,35.88,-12.23,14,75.38,-15.19,11
2025/4/14 12:16:40,35.94,-12.28,13,75.44,-15.13,10
2025/4/14 12:16:43,35.9,-12.39,13,75.48,-15.42,11
2025/4/14 12:16:46,35.87,-12.36,13,75.51,-15.62,12
2025/4/14 12:16:49,35.95,-12.13,13,75.3,-15.06,12
2025/4/14 12:16:52,35.89,-12.26,13,75.37,-15.24,12
2025/4/14 12:16:55,35.88,-12.31,13,75.44,-15.32,11
2025/4/14 12:16:58,35.84,-12.32,12,75.4,-15.33,13
2025/4/14 12:17:01,35.87,-12.26,12,75.39,-15.37,12
2025/4/14 12:17:04,35.95,-12.2,13,75.13,-13.89,5
2025/4/14 12:17:07,35.8,-12.31,13,75.33,-17.77,5
2025/4/14 12:17:10,35.71,-12.25,11,75.37,-18.13,4
2025/4/14 12:17:13,35.84,-12.39,12,75.28,-17.83,5
2025/4/14 12:17:16,35.96,-12.33,13,75.33,-17.85,4
2025/4/14 12:17:19,35.78,-12.25,13,75.46,-17.74,5
2025/4/14 12:17:22,35.77,-12.37,14,75.02,-18.04,3
2025/4/14 12:17:25,35.84,-12.27,12,75.24,-18.28,4
2025/4/14 12:17:28,35.95,-12.3,13,75.28,-18.15,3
2025/4/14 12:17:31,35.88,-12.33,13,75.19,-17.6,5
2025/4/14 12:17:34,35.85,-12.77,14,74.67,-18.05,3
2025/4/14 12:17:37,36.21,-12.95,14,75.11,-17.67,5
2025/4/14 12:17:40,35.82,-12.01,13,75.21,-17.77,6
2025/4/14 12:17:43,35.75,-12.29,14,75.26,-17.81,5
2025/4/14 12:17:46,35.8,-12.31,12,75.36,-17.85,4
2025/4/14 12:17:49,35.94,-12.24,13,75.36,-17.67,4
2025/4/14 12:17:52,35.82,-12.13,12,75.26,-17.75,3
2025/4/14 12:17:55,35.84,-12.24,13,75.28,-18.08,4
2025/4/14 12:17:58,35.94,-12.22,14,75.29,-18.13,6
2025/4/14 12:18:01,35.91,-12.16,13,75.24,-17.71,6
2025/4/14 12:18:04,35.91,-12.15,13,75.15,-17.7,6
2025/4/14 12:18:07,35.79,-12.26,14,75.33,-18.14,5
2025/4/14 12:18:10,35.91,-12.31,13,75.2,-17.9,4
2025/4/14 12:18:13,35.83,-12.19,13,75.23,-18.34,6
2025/4/14 12:18:16,35.85,-12.23,12,75.2,-17.78,4
2025/4/14 12:18:19,35.92,-12.33,14,75.26,-17.78,5
2025/4/14 12:18:22,35.96,-12.18,14,75.32,-17.74,5
2025/4/14 12:18:25,35.88,-12.27,13,75.33,-17.93,4
2025/4/14 12:18:28,35.89,-12.16,15,75.3,-17.93,4
2025/4/14 12:18:31,35.95,-12.33,13,75.32,-17.96,5
2025/4/14 12:18:34,35.9,-12.34,13,75.29,-18.06,4
2025/4/14 12:18:37,35.88,-12.31,13,75.27,-18.24,3
2025/4/14 12:18:40,35.83,-12.33,14,75.31,-17.91,4
2025/4/14 12:18:43,35.83,-12.33,13,75.29,-17.86,7
2025/4/14 12:18:46,35.82,-12.26,13,75.38,-17.75,6
2025/4/14 12:18:49,35.91,-12.33,14,75.32,-17.88,4
2025/4/14 12:18:52,35.86,-12.28,14,75.25,-17.76,6
2025/4/14 12:18:55,35.9,-12.36,13,75.3,-17.85,3
2025/4/14 12:18:58,35.82,-12.38,14,75.14,-17.43,4
2025/4/14 12:19:01,35.86,-12.31,14,75.3,-17.63,6
2025/4/14 12:19:04,35.92,-12.32,14,75.16,-17.56,5
2025/4/14 12:19:07,35.9,-12.23,13,75.22,-17.78,3
2025/4/14 12:19:10,35.94,-12.25,14,75.26,-17.95,3
2025/4/14 12:19:13,35.85,-12.29,14,75.35,-18.05,5
2025/4/14 12:19:16,35.95,-12.33,15,75.1,-17.87,5
2025/4/14 12:19:19,35.84,-12.25,13,75.31,-17.84,3
2025/4/14 12:19:22,35.86,-12.2,13,75.34,-17.99,6
2025/4/14 12:19:25,35.94,-12.42,15,75.32,-18.18,5
2025/4/14 12:19:28,35.83,-12.28,14,75.24,-17.93,6
2025/4/14 12:19:31,35.9,-12.25,14,75.28,-17.83,3
2025/4/14 12:19:34,35.98,-12.4,16,75.24,-18.14,4
2025/4/14 12:19:37,35.91,-12.35,14,75.26,-17.84,4
2025/4/14 12:19:40,35.94,-12.38,14,75.22,-17.99,4
2025/4/14 12:19:43,35.94,-12.43,15,75.24,-18.11,6
2025/4/14 12:19:46,35.94,-12.36,15,75.23,-17.45,7
2025/4/14 12:19:49,35.89,-12.36,14,75.23,-17.59,4
2025/4/14 12:19:52,35.98,-12.36,14,75.22,-17.74,4
2025/4/14 12:19:55,35.89,-12.35,13,75.31,-17.75,7
2025/4/14 12:19:58,35.87,-12.38,15,75.34,-17.73,4
2025/4/14 12:20:01,35.88,-12.43,13,75.35,-18.05,6
2025/4/14 12:20:04,35.87,-12.37,13,75.2,-17.68,7
2025/4/14 12:20:07,35.8,-12.5,12,75.19,-17.52,3
2025/4/14 12:20:10,35.84,-12.54,14,75.33,-17.94,5
2025/4/14 12:20:13,35.97,-12.41,12,75.23,-17.92,4
2025/4/14 12:20:16,35.96,-12.28,15,75.24,-17.79,3
2025/4/14 12:20:19,36.01,-12.37,14,75.31,-18.19,7
2025/4/14 12:20:22,35.94,-12.28,15,75.2,-17.44,5
2025/4/14 12:20:25,35.88,-12.31,14,75.22,-17.81,4
2025/4/14 12:20:28,36,-12.41,13,75.2,-17.6,2
2025/4/14 12:20:31,35.89,-12.41,12,75.23,-18.02,3
2025/4/14 12:20:34,35.97,-12.44,14,75.21,-17.9,6
2025/4/14 12:20:37,35.95,-12.32,14,75.31,-17.95,7
2025/4/14 12:20:40,35.96,-12.38,14,75.22,-18.02,4
2025/4/14 12:20:43,35.86,-12.37,13,75.33,-17.99,4
2025/4/14 12:20:46,35.93,-12.27,15,75.16,-17.58,5
2025/4/14 12:20:49,36.04,-12.3,15,75.26,-17.92,5
2025/4/14 12:20:52,35.9,-12.59,15,75.18,-17.7,5
2025/4/14 12:20:55,35.96,-12.37,13,75.21,-17.67,4
2025/4/14 12:20:58,35.78,-12.36,14,75.15,-17.59,6
2025/4/14 12:21:01,35.97,-12.43,14,75.22,-17.6,5
2025/4/14 12:21:04,35.92,-12.39,15,75.33,-18.02,6
2025/4/14 12:21:07,35.91,-12.33,14,75.19,-17.71,6
2025/4/14 12:21:10,35.9,-12.51,16,75.3,-17.98,4
2025/4/14 12:21:13,35.9,-12.38,14,75.16,-18.02,5
2025/4/14 12:21:16,36.03,-12.29,15,75.17,-17.6,4
2025/4/14 12:21:19,35.88,-12.43,14,75.27,-17.65,5
2025/4/14 12:21:22,35.94,-12.55,14,75.31,-17.64,3
2025/4/14 12:21:25,35.9,-12.34,13,75.22,-17.47,5
2025/4/14 12:21:28,35.91,-12.37,16,75.21,-18.06,4
2025/4/14 12:21:31,35.92,-12.4,14,75.19,-17.21,3
2025/4/14 12:21:34,35.99,-12.4,12,75.26,-17.49,6
2025/4/14 12:21:37,35.92,-12.26,15,75.23,-17.48,5
2025/4/14 12:21:40,36,-12.31,14,75.24,-17.62,6
2025/4/14 12:21:43,35.93,-12.36,12,75.31,-17.66,5
2025/4/14 12:21:46,35.99,-12.27,15,75.17,-17.68,6
2025/4/14 12:21:49,36.04,-12.37,14,75.28,-17.75,4
2025/4/14 12:21:52,35.93,-12.28,13,75.18,-17.74,5
2025/4/14 12:21:55,35.97,-12.22,15,75.29,-17.63,6
2025/4/14 12:21:58,36.01,-12.21,15,75.23,-17.66,5
2025/4/14 12:22:01,35.91,-12.32,14,75.3,-17.69,3
2025/4/14 12:22:04,35.89,-12.32,15,75.07,-17.83,4
2025/4/14 12:22:07,35.93,-12.38,15,75.37,-17.84,5
2025/4/14 12:22:10,35.92,-12.32,14,75.18,-17.45,4
2025/4/14 12:22:13,35.97,-12.28,15,75.18,-17.43,6
2025/4/14 12:22:16,36.01,-12.34,14,75.29,-17.63,3
2025/4/14 12:22:19,35.91,-12.47,14,75.31,-17.57,3
2025/4/14 12:22:22,35.86,-12.26,14,75.31,-17.42,4
2025/4/14 12:22:25,35.93,-12.31,13,75.35,-17.91,6
2025/4/14 12:22:28,35.94,-12.4,12,75.27,-17.61,5
2025/4/14 12:22:31,35.94,-12.25,15,75.22,-17.61,5
2025/4/14 12:22:34,35.9,-12.31,14,75.3,-17.67,3
2025/4/14 12:22:37,35.86,-12.3,14,75.21,-17.59,5
2025/4/14 12:22:40,35.92,-12.36,15,75.22,-17.76,6
2025/4/14 12:22:43,35.95,-12.37,13,75.2,-17.4,6
2025/4/14 12:22:46,35.99,-12.36,13,75.24,-17.51,4
2025/4/14 12:22:49,35.88,-12.28,14,75.27,-17.5,6
2025/4/14 12:22:52,35.88,-12.36,14,75.27,-17.38,5
2025/4/14 12:22:55,35.94,-12.45,13,75.32,-17.61,4
2025/4/14 12:22:58,33.39,-10.64,18,79.43,-66.39,4
2025/4/14 12:23:01,34.94,-10.65,17,80.44,-62.71,5
2025/4/14 12:23:04,36.04,-11.1,17,79.68,-64.9,5
2025/4/14 12:23:07,34.76,-10.74,18,81.52,-67.31,1
2025/4/14 12:23:10,34.86,-10.21,18,82.14,-67.89,4
2025/4/14 12:23:13,34.89,-10.3,20,82.43,-69.2,5
2025/4/14 12:23:16,34.9,-10.12,17,82.42,-69.3,6
2025/4/14 12:23:19,34.88,-10.15,19,82.37,-69.85,3
2025/4/14 12:23:23,34.84,-10.14,18,82.53,-70.52,5
2025/4/14 12:23:26,34.95,-10.29,17,82.57,-71.01,3
2025/4/14 12:23:29,35,-10.19,18,82.68,-71.37,5
2025/4/14 12:23:32,34.85,-10.27,18,82.74,-71.69,3
2025/4/14 12:23:35,34.9,-10.12,18,82.78,-72.14,4
2025/4/14 12:23:38,34.84,-10.29,20,82.81,-72.23,4
2025/4/14 12:23:41,34.91,-10.08,18,82.86,-72.48,4
2025/4/14 12:23:44,34.86,-10.13,18,83.06,-72.59,3
2025/4/14 12:23:47,34.86,-10.23,18,83.07,-73.15,5
2025/4/14 12:23:50,34.81,-10.15,16,83.08,-73.16,4
2025/4/14 12:23:53,34.84,-10.04,19,82.97,-73.25,4
2025/4/14 12:23:56,34.8,-10.2,17,82.99,-73.36,3
2025/4/14 12:24:02,34.83,-10.13,17,83.12,-73.75,2
2025/4/14 12:24:05,34.74,-10.24,17,83,-73.72,6
2025/4/14 12:24:08,34.79,-10.19,18,82.98,-73.7,4
2025/4/14 12:24:11,34.79,-10.14,19,83.12,-74.07,4
2025/4/14 12:24:14,34.85,-10.22,17,83.16,-74.3,2
2025/4/14 12:24:17,34.78,-10.17,18,83.22,-74.53,3
2025/4/14 12:24:20,34.78,-10.11,18,83.17,-74.37,2
2025/4/14 12:24:23,34.88,-10.25,17,87.68,-79.26,2
2025/4/14 12:24:26,34.86,-10.43,19,86.82,-80.94,4
2025/4/14 12:24:29,34.54,-10.79,19,88.6,-84.46,3
2025/4/14 12:24:32,35.71,-11.61,19,153.42,-115.06,5
2025/4/14 12:24:35,28.88,-3.15,23,152.14,-145.16,4
2025/4/14 12:24:38,28.8,-1.82,24,153.52,-144.2,1
2025/4/14 12:24:41,28.45,-2.47,22,154.09,-145.08,4
2025/4/14 12:24:44,28.71,-2.33,22,154.43,-144.77,4
2025/4/14 12:24:47,28.52,-2.9,22,154.45,-144.95,3
2025/4/14 12:24:50,28.34,-2.56,21,155.31,-144.94,3
2025/4/14 12:24:53,28.34,-2.56,20,154.98,-144.88,3
2025/4/14 12:24:56,28.33,-2.55,22,155.27,-145.03,2
2025/4/14 12:24:59,28.28,-2.53,22,155.54,-145.01,3
2025/4/14 12:25:02,28.39,-2.58,21,155.55,-144.94,5
2025/4/14 12:25:05,28.43,-2.51,22,155.49,-145.05,4
2025/4/14 12:25:08,28.39,-2.64,21,155.67,-145.05,2
2025/4/14 12:25:11,28.24,-2.64,21,155.79,-144.97,5
2025/4/14 12:25:17,28.4,-2.82,22,155.97,-145.23,4
2025/4/14 12:25:20,28.28,-2.88,20,156.03,-145.25,3
2025/4/14 12:25:23,28.21,-2.81,21,156.37,-145.5,6
2025/4/14 12:25:26,28.17,-2.83,23,156.34,-145.25,4
2025/4/14 12:25:32,28.17,-2.96,22,156.43,-145.19,4
2025/4/14 12:25:35,28.02,6.45,23,157.38,-147.96,4
2025/4/14 12:25:38,28.16,0.86,21,156.94,-145.66,6
2025/4/14 12:25:41,28.17,0.91,20,156.92,-145.56,4
2025/4/14 12:25:44,28.18,0.91,24,157.08,-145.59,4
2025/4/14 12:25:47,28.14,0.81,23,157.2,-145.56,6
2025/4/14 12:25:50,28.11,0.94,22,157.07,-145.64,2
2025/4/14 12:25:53,28.11,1,22,157.11,-145.55,3
2025/4/14 12:25:56,28.07,0.88,23,157.21,-145.6,3
2025/4/14 12:25:59,28.09,0.93,21,157.21,-145.63,6
2025/4/14 12:26:02,28.06,0.92,22,156.81,-145.46,3
2025/4/14 12:26:05,28.12,0.74,24,158.05,-145.78,4
2025/4/14 12:26:08,27.79,0.24,24,157.05,-145.24,4
2025/4/14 12:26:11,27.86,0.53,24,157.48,-145.12,2
2025/4/14 12:26:14,27.88,0.51,24,157.5,-145.62,3
2025/4/14 12:26:17,27.94,0.66,23,157.5,-145.59,3
2025/4/14 12:26:20,28.04,0.59,24,157.52,-145.57,3
2025/4/14 12:26:23,27.99,0.58,23,157.64,-145.55,2
2025/4/14 12:26:26,28.02,0.53,24,157.63,-145.6,2
2025/4/14 12:26:29,28.03,0.54,23,157.7,-145.6,4
2025/4/14 12:26:32,28.01,0.54,23,157.65,-145.51,3
2025/4/14 12:26:35,28.01,0.52,24,157.68,-145.72,4
2025/4/14 12:26:38,27.94,0.52,24,157.64,-145.61,3
2025/4/14 12:26:41,28.01,0.66,23,157.74,-145.58,3
2025/4/14 12:26:44,27.99,0.65,21,157.66,-145.51,3
2025/4/14 12:26:47,27.87,0.56,23,157.81,-145.68,4
2025/4/14 12:26:50,27.97,0.59,25,157.79,-145.52,3
2025/4/14 12:26:53,28.02,0.44,26,157.91,-145.54,3
2025/4/14 12:26:56,27.96,0.57,22,157.76,-145.61,1
2025/4/14 12:26:59,27.97,0.58,23,157.89,-145.58,1
2025/4/14 12:27:02,28.08,0.56,24,157.99,-145.51,1
2025/4/14 12:27:05,27.99,0.58,23,157.97,-145.56,5
2025/4/14 12:27:08,27.96,0.42,24,157.99,-145.61,3
2025/4/14 12:27:11,27.94,0.63,22,157.98,-145.6,2
2025/4/14 12:27:14,27.97,0.54,22,157.95,-145.59,2
2025/4/14 12:27:17,27.95,0.57,23,157.98,-145.5,3
2025/4/14 12:27:20,27.95,0.56,24,158.06,-145.68,3
2025/4/14 12:27:23,27.97,0.55,24,158.06,-145.58,4
2025/4/14 12:27:26,28.05,0.52,24,158.06,-145.53,5
2025/4/14 12:27:29,27.91,0.54,24,158.07,-145.7,3
2025/4/14 12:27:32,27.93,0.54,22,158.16,-145.56,4
2025/4/14 12:27:35,27.89,0.47,21,158.06,-145.51,5
2025/4/14 12:27:38,27.95,0.56,22,158.2,-145.59,2
2025/4/14 12:27:41,28.02,0.52,23,158.17,-145.51,5
2025/4/14 12:27:44,27.92,0.51,23,158.22,-145.62,2
2025/4/14 12:27:47,28.09,0.55,23,158.21,-145.53,4
2025/4/14 12:27:50,27.96,0.63,22,158.22,-145.7,6
2025/4/14 12:27:53,27.84,0.57,25,158.27,-145.63,1
2025/4/14 12:27:56,28.01,0.55,23,158.15,-145.46,1
2025/4/14 12:27:59,28.03,0.55,24,158.27,-145.63,3
2025/4/14 12:28:02,27.96,0.53,24,158.41,-145.68,3
2025/4/14 12:28:05,27.94,0.53,23,158.28,-145.62,2
2025/4/14 12:28:08,27.96,0.55,24,158.3,-145.63,4
2025/4/14 12:28:11,27.96,0.6,23,158.39,-145.59,5
2025/4/14 12:28:14,27.87,0.47,24,158.41,-145.63,3
2025/4/14 12:28:17,27.89,0.49,23,158.37,-145.53,2
2025/4/14 12:28:20,27.95,0.55,22,158.56,-145.6,3
2025/4/14 12:28:23,27.93,0.53,23,158.5,-145.63,2
2025/4/14 12:28:26,27.93,0.41,22,158.41,-145.52,1
2025/4/14 12:28:29,27.95,0.58,23,158.5,-145.49,4
2025/4/14 12:28:32,27.95,0.52,23,158.53,-145.61,4
2025/4/14 12:28:35,27.95,0.53,24,158.55,-145.59,3
2025/4/14 12:28:38,27.94,0.62,21,158.51,-145.64,5
2025/4/14 12:28:41,27.91,0.64,21,158.6,-145.54,3
2025/4/14 12:28:44,27.89,0.47,23,158.73,-145.59,4
2025/4/14 12:28:47,27.9,0.6,21,158.62,-145.62,2
2025/4/14 12:28:50,27.89,0.57,22,158.47,-145.54,3
2025/4/14 12:28:53,28.04,0.5,23,158.56,-145.51,3
2025/4/14 12:28:56,27.85,0.54,23,158.63,-145.56,3
2025/4/14 12:28:59,27.97,0.54,22,158.71,-145.59,3
2025/4/14 12:29:02,27.88,0.53,23,158.73,-145.49,3
2025/4/14 12:29:05,27.79,0.4,23,158.82,-145.46,5
2025/4/14 12:29:08,27.75,0.57,24,158.76,-145.5,2
2025/4/14 12:29:11,27.81,0.58,22,158.91,-145.52,4
2025/4/14 12:29:14,27.87,0.49,21,158.85,-145.54,3
2025/4/14 12:29:17,27.86,0.57,25,158.92,-145.47,2
2025/4/14 12:29:20,27.91,0.6,23,158.97,-145.5,3
2025/4/14 12:29:23,27.84,0.56,24,158.87,-145.45,5
2025/4/14 12:29:26,27.78,0.54,23,158.96,-145.6,3
2025/4/14 12:29:29,27.88,0.5,25,158.92,-145.54,3
2025/4/14 12:29:32,27.87,0.56,25,158.86,-145.57,3
2025/4/14 12:29:35,27.86,0.44,22,158.84,-145.4,4
2025/4/14 12:29:38,27.85,0.49,22,158.91,-145.57,3
2025/4/14 12:29:41,27.88,0.52,23,158.93,-145.66,1
2025/4/14 12:29:44,27.85,0.49,22,158.97,-145.56,3
2025/4/14 12:29:47,27.93,0.51,24,159.05,-145.61,4
2025/4/14 12:29:50,27.89,0.5,23,158.77,-145.53,5
2025/4/14 12:29:53,27.86,0.52,22,158.98,-145.53,1
2025/4/14 12:29:56,27.92,0.49,24,159.15,-145.63,3
2025/4/14 12:29:59,27.8,0.49,24,158.97,-145.51,4
2025/4/14 12:30:02,27.86,0.49,22,159.05,-145.58,4
2025/4/14 12:30:05,27.88,0.48,24,159.02,-146.01,5
2025/4/14 12:30:08,27.86,0.47,22,158.99,-145.97,3
2025/4/14 12:30:11,27.74,0.51,23,159.14,-145.92,4
2025/4/14 12:30:14,27.83,0.54,23,159.26,-145.92,0
2025/4/14 12:30:17,27.87,0.4,24,159.1,-145.94,3
2025/4/14 12:30:20,27.87,0.48,22,159.16,-145.96,3
2025/4/14 12:30:23,28.4,-0.04,23,159.17,-145.21,3
2025/4/14 12:30:26,27.78,0.47,25,159.53,-145.73,5
2025/4/14 12:30:29,27.93,0.37,22,159.46,-145.95,1
2025/4/14 12:30:32,27.87,0.36,22,159.34,-145.93,5
2025/4/14 12:30:35,27.82,0.12,24,159.26,-145.87,3
2025/4/14 12:30:38,27.65,0.21,24,158.9,-145.64,2
2025/4/14 12:30:41,28.03,0.39,23,159.42,-146.07,4
2025/4/14 12:30:44,27.94,0.09,23,159.27,-145.93,4
2025/4/14 12:30:47,27.84,0.37,23,159.37,-145.84,5
2025/4/14 12:30:50,27.97,0.23,22,159.2,-145.93,3
2025/4/14 12:30:53,27.91,0.29,24,159.24,-145.81,2
2025/4/14 12:30:56,27.82,0.26,26,159.38,-145.86,2
2025/4/14 12:30:59,27.91,0.2,23,159.32,-145.97,6
2025/4/14 12:31:02,27.89,0.22,23,159.38,-145.97,2
2025/4/14 12:31:05,27.96,0.31,24,159.37,-145.95,4
2025/4/14 12:31:08,27.9,0.24,23,159.31,-145.89,5
2025/4/14 12:31:11,27.95,0.47,24,159.48,-145.95,5
2025/4/14 12:31:14,27.92,0.15,24,159.33,-145.91,3
2025/4/14 12:31:17,27.92,0.28,23,159.39,-145.82,4
2025/4/14 12:31:20,27.87,0.25,25,159.38,-145.93,2
2025/4/14 12:31:23,27.9,0.22,23,159.39,-145.81,5
2025/4/14 12:31:26,28.09,0.16,22,159.32,-146.06,4
2025/4/14 12:31:29,27.96,0.09,24,159.39,-145.97,4
2025/4/14 12:31:32,27.87,0.1,24,159.47,-145.89,3
2025/4/14 12:31:35,27.88,0.29,23,159.47,-146.03,3
2025/4/14 12:31:38,27.9,0.15,23,159.5,-145.92,3
2025/4/14 12:31:41,27.93,-0.01,23,159.48,-145.87,4
2025/4/14 12:31:44,27.9,0.22,25,159.49,-145.9,1
2025/4/14 12:31:47,27.99,0.07,24,159.54,-145.91,4
2025/4/14 12:31:50,27.9,0.36,24,160.84,-145.83,4
2025/4/14 12:31:53,27.97,0.11,25,159.68,-145.9,3
2025/4/14 12:31:56,27.84,0.21,23,159.65,-145.78,5
2025/4/14 12:31:59,27.91,0.15,23,159.68,-145.9,6
2025/4/14 12:32:02,27.94,0.17,24,159.71,-145.9,2
2025/4/14 12:32:05,27.52,0.25,21,159.87,-145.9,3
2025/4/14 12:32:08,27.8,0.18,24,159.78,-145.88,2
2025/4/14 12:32:11,27.86,0.17,24,159.79,-145.85,5
2025/4/14 12:32:14,27.83,0.26,23,159.9,-145.78,3
2025/4/14 12:32:17,27.75,0.18,21,159.77,-145.95,3
2025/4/14 12:32:20,27.93,0.09,24,159.85,-146.05,2
2025/4/14 12:32:23,27.84,0.19,25,159.69,-145.84,4
2025/4/14 12:32:26,27.78,0.22,24,159.97,-145.91,3
2025/4/14 12:32:29,27.85,0.11,23,159.71,-145.86,3
2025/4/14 12:32:32,27.88,0.11,24,159.93,-145.86,3
2025/4/14 12:32:35,27.81,0.09,23,159.87,-145.96,4
2025/4/14 12:32:38,27.93,0.24,25,159.79,-145.87,4
2025/4/14 12:32:41,27.8,0.14,24,159.84,-145.96,6
2025/4/14 12:32:44,27.87,0.28,25,159.91,-145.88,3
2025/4/14 12:32:47,27.76,0.15,23,159.85,-146.04,3
2025/4/14 12:32:50,27.91,0.08,23,159.83,-145.85,4
2025/4/14 12:32:53,27.91,0.26,26,159.91,-145.91,5
2025/4/14 12:32:56,27.82,0.08,25,159.81,-145.96,2
2025/4/14 12:32:59,27.88,0.23,23,159.99,-145.91,2
2025/4/14 12:33:02,27.88,0.19,24,160.03,-145.86,2
2025/4/14 12:33:05,27.89,0.23,25,159.81,-145.89,5
2025/4/14 12:33:08,27.84,0.28,24,159.85,-145.9,2
2025/4/14 12:33:11,27.82,0.18,25,159.7,-145.84,4
2025/4/14 12:33:14,27.97,0.11,23,159.79,-145.94,2
2025/4/14 12:33:17,27.9,0.22,24,160.36,-146.03,2
2025/4/14 12:33:20,27.85,0.13,24,159.86,-145.89,3
2025/4/14 12:33:23,27.85,0.15,24,159.85,-145.85,2
2025/4/14 12:33:26,27.95,0.11,25,159.9,-145.88,4
2025/4/14 12:33:29,27.86,0.12,22,159.87,-145.9,2
2025/4/14 12:33:32,27.9,0.24,23,159.92,-145.9,4
2025/4/14 12:33:35,27.89,0.03,23,159.97,-145.9,5
2025/4/14 12:33:38,27.84,0.19,25,159.55,-145.99,1
2025/4/14 12:33:41,27.85,0.13,23,160.03,-145.95,4
2025/4/14 12:33:44,27.9,0.06,25,159.96,-145.89,3
2025/4/14 12:33:47,27.88,0.11,24,160.02,-145.87,3
2025/4/14 12:33:50,27.76,0.12,25,160.01,-145.87,5
2025/4/14 12:33:53,27.86,0.17,23,160.22,-145.94,5
2025/4/14 12:33:56,27.82,0.26,23,160.04,-145.91,6
2025/4/14 12:33:59,27.79,0.16,24,160.17,-145.94,4
2025/4/14 12:34:02,27.79,0.05,23,160.09,-145.8,3
2025/4/14 12:34:05,27.82,0.13,25,160.24,-145.81,4
2025/4/14 12:34:08,27.82,0.15,22,160.11,-145.76,3
2025/4/14 12:34:11,27.85,0.22,24,160.16,-145.89,1
2025/4/14 12:34:14,27.74,0.23,23,160.19,-145.94,2
2025/4/14 12:34:17,27.72,0.26,22,160.19,-145.9,4
2025/4/14 12:34:20,27.94,0.16,23,160.27,-145.97,2
2025/4/14 12:34:23,27.78,0.19,22,160.18,-145.89,3
2025/4/14 12:34:26,27.8,0.11,23,160.24,-145.93,6
2025/4/14 12:34:29,27.81,0.23,22,160.19,-145.85,2
2025/4/14 12:34:32,27.84,0.12,23,160.17,-145.9,4
2025/4/14 12:34:35,27.82,0.05,23,160.3,-145.93,4
2025/4/14 12:34:38,27.7,0.13,22,160.16,-145.87,4
2025/4/14 12:34:41,27.77,0.2,23,160.22,-145.99,5
2025/4/14 12:34:44,27.8,0.16,23,160.27,-145.85,2
2025/4/14 12:34:47,27.86,0.11,23,160.12,-145.92,2
2025/4/14 12:34:50,27.83,0.16,23,160.26,-145.9,2
2025/4/14 12:34:53,27.87,0.1,24,160.38,-145.87,2
2025/4/14 12:34:56,27.88,0.2,23,160.22,-145.8,4
2025/4/14 12:34:59,28.02,0.05,23,160.1,-145.91,2
2025/4/14 12:35:02,28,0.12,22,160.11,-145.78,4
2025/4/14 12:35:05,27.92,0.05,23,160.19,-145.97,4
2025/4/14 12:35:08,27.94,0.09,22,160.01,-145.88,4
2025/4/14 12:35:11,27.88,0.05,25,159.96,-145.9,3
2025/4/14 12:35:14,27.95,0.06,24,160.1,-145.89,4
2025/4/14 12:35:17,27.89,0.01,25,160.15,-145.91,3
2025/4/14 12:35:20,28.14,0.02,25,159.87,-146.08,4
2025/4/14 12:35:24,27.92,0,24,160.07,-145.85,3
2025/4/14 12:35:27,27.89,-0.02,23,160.31,-145.97,3
2025/4/14 12:35:30,27.86,-0.08,24,160.12,-145.81,5
2025/4/14 12:35:33,27.83,-0.02,26,160.17,-145.92,2
2025/4/14 12:35:36,27.86,-0.12,25,160.39,-145.98,2
2025/4/14 12:35:39,27.82,-0.16,24,160.22,-145.62,1
2025/4/14 12:35:42,27.57,0.05,25,160.2,-145.93,4
2025/4/14 12:35:45,27.91,0.09,24,160.34,-145.87,5
2025/4/14 12:35:48,27.85,-0.01,23,160.23,-145.83,5
2025/4/14 12:35:51,27.91,-0.05,23,160.26,-145.91,7
2025/4/14 12:35:54,27.86,0.02,23,160.37,-145.87,2
2025/4/14 12:35:57,27.76,-0.01,23,160.3,-145.93,3
2025/4/14 12:36:00,27.82,0.08,23,160.33,-145.75,4
2025/4/14 12:36:03,27.85,-0.02,24,160.25,-145.86,3
2025/4/14 12:36:06,27.83,-0.03,23,160.29,-145.9,5
2025/4/14 12:36:09,27.78,0.02,24,160.26,-145.92,5
2025/4/14 12:36:12,27.75,0.06,25,160.32,-145.97,4
2025/4/14 12:36:15,27.82,-0.02,22,160.33,-145.94,5
2025/4/14 12:36:18,27.92,0.06,24,160.33,-145.94,3
2025/4/14 12:36:21,27.95,0.06,24,160.37,-145.87,5
2025/4/14 12:36:24,27.8,-0.01,24,160.32,-145.96,4
2025/4/14 12:36:27,27.92,-0.04,23,160.38,-145.94,6
2025/4/14 12:36:30,27.81,0.02,24,160.28,-145.87,3
2025/4/14 12:36:33,27.71,0.07,24,160.76,-145.89,3
2025/4/14 12:36:36,27.63,0.13,23,160.63,-146.06,3
2025/4/14 12:36:39,27.88,0.09,23,160.58,-145.79,4
2025/4/14 12:36:42,27.72,-0.04,21,160.66,-145.88,5
2025/4/14 12:36:45,27.75,-0.05,26,160.63,-145.94,2
2025/4/14 12:36:48,27.75,-0.06,23,160.62,-145.91,3
2025/4/14 12:36:51,27.73,0,24,160.62,-145.83,4
2025/4/14 12:36:54,27.97,-0.02,25,161.13,-145.87,3
2025/4/14 12:36:57,27.92,0.01,24,160.59,-145.88,3
2025/4/14 12:37:00,27.89,0.11,24,161.13,-146.11,4
2025/4/14 12:37:03,27.78,0,23,160.45,-146.41,3
2025/4/14 12:37:06,27.89,-0.03,24,160.55,-145.84,3
2025/4/14 12:37:09,27.82,0,24,160.62,-145.76,4
2025/4/14 12:37:12,27.95,-0.11,23,161.12,-145.19,3
2025/4/14 12:37:15,28.13,0.03,26,160.62,-145.99,4
2025/4/14 12:37:18,27.73,0.08,24,160.78,-146.05,2
2025/4/14 12:37:21,27.75,0,24,160.75,-145.6,3
2025/4/14 12:37:24,27.66,0.01,26,160.63,-145.66,4
2025/4/14 12:37:27,27.78,-0.03,23,160.58,-145.85,3
2025/4/14 12:37:30,27.68,-0.03,23,160.66,-145.87,4
2025/4/14 12:37:33,27.87,-0.11,24,160.69,-145.87,3
2025/4/14 12:37:36,27.68,-0.03,23,160.86,-146.72,4
2025/4/14 12:37:39,27.78,-0.16,24,160.71,-145.84,2
2025/4/14 12:37:42,27.94,0.02,24,160.64,-146.19,6
2025/4/14 12:37:45,27.9,0.01,24,160.6,-145.94,5
2025/4/14 12:37:48,27.65,0.01,25,160.95,-146.06,4
2025/4/14 12:37:51,27.69,0.01,23,160.62,-145.73,4
2025/4/14 12:37:54,27.86,0.01,23,160.77,-145.92,5
2025/4/14 12:37:57,27.82,-0.02,24,160.76,-145.94,2
2025/4/14 12:38:00,27.76,-0.02,24,159.51,-144.9,3
2025/4/14 12:38:03,27.98,-0.13,23,160.65,-145.66,4
2025/4/14 12:38:06,27.89,-0.1,23,160.58,-145.9,3
2025/4/14 12:38:09,27.87,-0.11,24,160.16,-146.32,5
2025/4/14 12:38:12,27.8,-0.09,25,160.82,-145.88,4
2025/4/14 12:38:15,27.83,-0.05,24,160.62,-145.9,5
2025/4/14 12:38:18,27.9,-0.08,23,160.94,-145.89,2
2025/4/14 12:38:21,27.84,-0.05,25,160.71,-146.26,4
2025/4/14 12:38:24,27.92,-0.15,26,160.83,-145.72,4
2025/4/14 12:38:27,27.84,-0.07,27,160.71,-145.87,4
2025/4/14 12:38:30,27.83,-0.02,22,160.87,-145.82,5
2025/4/14 12:38:33,27.84,-0.02,25,160.88,-145.86,5
2025/4/14 12:38:36,27.79,-0.03,24,160.85,-145.96,3
2025/4/14 12:38:39,27.85,-0.04,23,160.79,-145.93,3
2025/4/14 12:38:42,27.82,0.09,25,160.82,-145.97,2
2025/4/14 12:38:45,27.79,-0.04,26,160.8,-145.84,2
2025/4/14 12:38:48,27.77,0,25,160.81,-145.83,5
2025/4/14 12:38:51,27.8,-0.11,24,160.78,-145.79,3
2025/4/14 12:38:54,27.83,0.04,25,160.85,-145.87,3
2025/4/14 12:38:57,27.78,-0.08,25,160.89,-145.9,3
2025/4/14 12:39:00,27.87,-0.03,26,160.82,-145.72,5
2025/4/14 12:39:03,27.89,-0.07,23,160.89,-145.89,5
2025/4/14 12:39:06,27.76,0.02,25,160.77,-145.89,5
2025/4/14 12:39:09,27.86,-0.04,25,160.86,-145.9,3
2025/4/14 12:39:12,27.86,-0.03,24,160.83,-145.9,3
2025/4/14 12:39:15,27.83,0.01,25,160.9,-146.04,5
2025/4/14 12:39:18,27.71,-0.04,24,160.91,-145.94,4
2025/4/14 12:39:21,27.86,-0.09,24,160.86,-145.96,4
2025/4/14 12:39:24,27.81,-0.05,25,160.97,-146.03,7
2025/4/14 12:39:27,27.79,0.01,23,160.94,-145.93,4
2025/4/14 12:39:30,27.83,-0.14,23,160.85,-145.85,3
2025/4/14 12:39:33,27.8,-0.06,25,160.85,-145.92,3
2025/4/14 12:39:36,27.88,-0.08,24,160.99,-145.97,3
2025/4/14 12:39:39,27.89,-0.01,25,160.66,-146.02,3
2025/4/14 12:39:42,27.83,-0.06,21,160.82,-145.88,4
2025/4/14 12:39:45,27.86,-0.1,23,160.76,-145.96,4
2025/4/14 12:39:48,28.05,-0.19,25,160.65,-146.37,2
2025/4/14 12:39:51,27.96,0.03,24,161.21,-146.12,4
2025/4/14 12:39:54,27.64,-0.02,25,161.04,-146.2,4
2025/4/14 12:39:57,27.82,-0.04,23,160.9,-145.89,2
2025/4/14 12:40:00,27.8,-0.04,24,160.96,-145.91,5
2025/4/14 12:40:03,27.88,-0.05,26,160.96,-145.96,4
2025/4/14 12:40:06,27.86,-0.11,24,161.03,-145.92,4
2025/4/14 12:40:09,27.74,-0.14,24,160.95,-145.84,4
2025/4/14 12:40:12,27.73,-0.13,22,161.01,-145.94,5
2025/4/14 12:40:15,27.76,-0.16,22,161.07,-145.96,3
2025/4/14 12:40:18,27.81,-0.1,23,161.08,-145.88,5
2025/4/14 12:40:21,27.73,-0.1,24,161.1,-145.86,4
2025/4/14 12:40:24,27.71,-0.08,23,161.19,-145.86,7
2025/4/14 12:40:27,27.75,-0.06,24,161.12,-146,5
2025/4/14 12:40:30,27.86,-0.09,22,161.11,-145.97,5
2025/4/14 12:40:33,27.69,-0.12,23,161.14,-146,5
2025/4/14 12:40:36,27.8,-0.06,23,161.06,-145.97,4
2025/4/14 12:40:39,27.72,0,24,161.13,-145.89,4
2025/4/14 12:40:42,27.74,-0.09,23,161.12,-145.95,6
2025/4/14 12:40:45,27.79,-0.1,23,161.02,-145.85,4
2025/4/14 12:40:48,27.76,-0.13,24,161.16,-146,4
2025/4/14 12:40:51,27.85,-0.1,24,160.82,-145.88,2
2025/4/14 12:40:54,27.94,-0.17,24,160.82,-146.38,3
2025/4/14 12:40:57,27.81,-0.11,23,161.44,-145.99,3
2025/4/14 12:41:00,27.78,-0.11,24,160.98,-145.95,6
2025/4/14 12:41:03,27.88,-0.12,24,160.97,-145.94,4
2025/4/14 12:41:06,27.84,-0.07,23,161.77,-146.1,4
2025/4/14 12:41:09,27.87,-0.18,25,160.76,-146.66,2
2025/4/14 12:41:12,27.84,-0.15,23,161.63,-144.87,3
2025/4/14 12:41:15,27.98,-0.15,25,160.98,-145.95,7
2025/4/14 12:41:18,27.92,-0.01,23,161.12,-145.91,5
2025/4/14 12:41:21,27.85,-0.16,23,161.03,-145.96,4
2025/4/14 12:41:24,27.65,-0.02,25,161.07,-145.95,5
2025/4/14 12:41:27,27.83,-0.04,26,160.97,-146.12,4
2025/4/14 12:41:30,27.74,0.03,24,160.94,-146.44,3
2025/4/14 12:41:33,27.88,-0.02,24,161.06,-145.88,4
2025/4/14 12:41:36,27.84,-0.13,24,161.08,-145.98,4
2025/4/14 12:41:39,27.89,-0.08,24,161.22,-145.93,3
2025/4/14 12:41:42,27.8,-0.15,25,161.14,-145.94,4
2025/4/14 12:41:45,27.82,-0.03,23,161,-145.82,6
2025/4/14 12:41:48,27.98,-0.08,23,161.24,-145.84,4
2025/4/14 12:41:51,27.78,-0.06,23,161.13,-145.85,2
2025/4/14 12:41:54,27.81,-0.16,23,161.17,-145.96,6
2025/4/14 12:41:57,27.84,-0.11,25,161.21,-145.82,2
2025/4/14 12:42:00,27.75,-0.11,23,161.13,-146,2
2025/4/14 12:42:03,27.74,-0.07,23,161.32,-146.01,5
2025/4/14 12:42:06,27.73,-0.15,25,161.28,-145.89,3
2025/4/14 12:42:09,27.89,-0.11,24,161.16,-146.03,2
2025/4/14 12:42:12,27.87,-0.11,23,161.06,-145.93,4
2025/4/14 12:42:15,27.85,-0.08,25,161.15,-145.9,4
2025/4/14 12:42:18,27.81,-0.18,24,161.14,-145.91,3
2025/4/14 12:42:21,27.82,-0.08,22,161.07,-145.99,7
2025/4/14 12:42:24,27.78,-0.06,25,161.21,-145.93,3
2025/4/14 12:42:27,27.88,-0.07,24,161.14,-145.93,3
2025/4/14 12:42:30,27.9,-0.03,24,161.22,-145.9,3
2025/4/14 12:42:33,27.75,-0.06,24,161.06,-145.87,4
2025/4/14 12:42:36,27.84,-0.16,24,161.18,-146.02,4
2025/4/14 12:42:39,27.91,-0.03,26,161.17,-145.92,5
2025/4/14 12:42:42,27.82,-0.02,24,161.12,-145.92,6
2025/4/14 12:42:45,27.8,-0.11,23,161.17,-145.96,2
2025/4/14 12:42:48,27.84,-0.05,26,161.31,-145.91,2
2025/4/14 12:42:51,27.77,-0.1,25,161.13,-145.87,2
2025/4/14 12:42:54,27.88,-0.02,23,161.28,-146,6
2025/4/14 12:42:57,27.83,-0.06,25,161.19,-145.81,4
2025/4/14 12:43:00,27.76,-0.14,24,161.26,-145.94,4
2025/4/14 12:43:03,27.79,-0.03,23,161.18,-145.95,2
2025/4/14 12:43:06,27.9,-0.05,24,161.07,-145.89,5
2025/4/14 12:43:09,27.83,-0.16,25,161.24,-146.07,3
2025/4/14 12:43:12,27.88,-0.09,23,161.2,-145.94,4
2025/4/14 12:43:15,27.84,-0.17,22,161.1,-145.82,4
2025/4/14 12:43:18,27.84,-0.08,27,161.23,-145.97,4
2025/4/14 12:43:21,27.8,-0.1,24,161.51,-145.85,4
2025/4/14 12:43:24,27.69,-0.11,22,161.22,-145.95,5
2025/4/14 12:43:27,27.8,-0.07,23,161.11,-145.97,2
2025/4/14 12:43:30,27.86,-0.01,23,161.22,-145.94,3
2025/4/14 12:43:33,27.8,-0.07,25,161.36,-145.92,4
2025/4/14 12:43:36,27.91,-0.06,23,161.26,-145.86,5
2025/4/14 12:43:39,27.83,-0.14,24,161.35,-146.07,6
2025/4/14 12:43:42,27.91,-0.13,22,161.3,-145.88,1
2025/4/14 12:43:45,27.99,-0.06,23,161.21,-145.91,1
2025/4/14 12:43:48,27.92,-0.08,22,161.24,-145.9,4
2025/4/14 12:43:51,27.83,-0.06,24,161.28,-145.9,5
2025/4/14 12:43:54,27.84,-0.04,25,161.21,-145.96,4
2025/4/14 12:43:57,27.91,-0.1,26,161.35,-145.89,5
2025/4/14 12:44:00,27.93,-0.06,23,161.14,-145.95,3
2025/4/14 12:44:03,27.86,-0.07,25,161.31,-145.97,4
2025/4/14 12:44:06,27.81,-0.08,26,161.26,-145.82,3
2025/4/14 12:44:09,27.89,-0.06,22,161.32,-145.95,4
2025/4/14 12:44:12,27.85,-0.1,24,161.35,-146.03,5
2025/4/14 12:44:15,27.91,-0.05,24,161.12,-145.94,4
2025/4/14 12:44:18,27.86,-0.07,24,161.27,-145.92,7
2025/4/14 12:44:21,27.81,-0.1,24,161.34,-145.98,4
2025/4/14 12:44:24,27.66,0.04,25,161.55,-145.42,3
2025/4/14 12:44:27,27.92,-0.17,24,161.48,-145.83,5
2025/4/14 12:44:30,27.82,-0.12,26,161.47,-145.97,4
2025/4/14 12:44:33,27.86,-0.13,24,161.44,-145.75,4
2025/4/14 12:44:39,27.93,-0.14,24,161.34,-145.89,5
2025/4/14 12:44:42,27.79,-0.13,25,161.34,-146.02,1
2025/4/14 12:44:45,27.83,-0.14,23,161.41,-145.87,4
2025/4/14 12:44:48,27.82,-0.05,22,161.38,-145.98,3
2025/4/14 12:44:51,27.86,-0.06,22,161.45,-145.99,4
2025/4/14 12:44:54,27.83,-0.09,22,161.35,-146.06,4
2025/4/14 12:44:57,27.73,-0.09,24,161.38,-145.91,4
2025/4/14 12:45:00,27.89,0.01,24,161.48,-145.91,4
2025/4/14 12:45:03,27.78,-0.02,24,161.41,-145.88,4
2025/4/14 12:45:06,27.89,-0.06,23,161.51,-145.96,5
2025/4/14 12:45:09,27.94,-0.12,24,161.34,-145.93,1
2025/4/14 12:45:12,27.8,-0.05,23,161.41,-145.97,3
2025/4/14 12:45:15,27.81,-0.03,23,161.41,-145.95,6
2025/4/14 12:45:18,27.81,-0.08,24,161.4,-145.84,3
2025/4/14 12:45:21,27.77,-0.12,22,161.47,-145.85,3
2025/4/14 12:45:24,27.73,-0.07,24,161.63,-145.82,2
2025/4/14 12:45:27,27.85,-0.06,24,161.48,-145.86,4
2025/4/14 12:45:30,27.74,-0.12,24,161.45,-145.95,4
2025/4/14 12:45:33,27.67,-0.07,24,161.15,-146.74,3
2025/4/14 12:45:36,28.02,-0.13,22,161.51,-146.59,5
2025/4/14 12:45:39,27.88,-0.07,24,161.38,-146.58,3
2025/4/14 12:45:42,27.68,-0.06,26,161.4,-146.62,5
2025/4/14 12:45:45,28.02,-0.1,26,161.42,-146.61,1
2025/4/14 12:45:48,27.89,-0.05,24,161.34,-146.61,3
2025/4/14 12:45:51,27.78,-0.13,24,161.34,-146.58,3
2025/4/14 12:45:54,27.88,-0.08,23,161.51,-146.62,5
2025/4/14 12:45:57,27.82,-0.09,27,161.42,-146.67,3
2025/4/14 12:46:00,27.85,-0.05,23,161.33,-146.7,5
2025/4/14 12:46:03,27.8,-0.15,24,161.48,-146.59,5
2025/4/14 12:46:06,27.8,-0.04,26,161.43,-146.57,5
2025/4/14 12:46:09,27.79,-0.12,24,161.43,-146.55,7
2025/4/14 12:46:12,27.79,-0.05,25,161.41,-146.51,4
2025/4/14 12:46:15,27.84,-0.01,24,161.44,-146.71,3
2025/4/14 12:46:18,27.76,-0.04,22,161.45,-146.69,6
2025/4/14 12:46:21,27.74,-0.12,26,161.42,-146.66,3
2025/4/14 12:46:24,27.71,-0.05,25,161.47,-146.65,5
2025/4/14 12:46:27,27.88,-0.04,26,161.44,-146.58,5
2025/4/14 12:46:30,27.85,-0.06,24,161.32,-146.53,3
2025/4/14 12:46:33,27.86,-0.05,26,161.37,-146.56,4
2025/4/14 12:46:36,27.68,-0.02,25,161.45,-146.65,3
2025/4/14 12:46:40,27.82,-0.05,24,161.53,-146.57,2
2025/4/14 12:46:43,27.8,-0.1,24,161.46,-146.67,4
2025/4/14 12:46:46,27.74,-0.06,24,161.33,-146.65,4
2025/4/14 12:46:49,27.86,-0.09,22,161.48,-146.46,3
2025/4/14 12:46:52,27.74,-0.05,25,161.41,-146.58,4
2025/4/14 12:46:55,27.75,-0.17,23,161.4,-146.77,4
2025/4/14 12:46:58,27.77,-0.1,25,161.43,-146.52,5
2025/4/14 12:47:01,27.79,-0.09,23,161.48,-146.61,3
2025/4/14 12:47:04,27.72,-0.06,22,161.38,-146.53,3
2025/4/14 12:47:07,27.81,0.05,25,161.43,-146.67,2
2025/4/14 12:47:10,27.75,-0.12,24,161.28,-146.53,3
2025/4/14 12:47:13,27.82,-0.05,25,161.09,-146.61,4
2025/4/14 12:47:16,27.85,-0.05,25,161.39,-146.55,3
2025/4/14 12:47:19,27.75,-0.14,24,161.32,-146.53,4
2025/4/14 12:47:22,27.76,-0.06,24,161.52,-146.59,4
2025/4/14 12:47:25,27.81,-0.06,22,161.4,-146.65,4
2025/4/14 12:47:28,27.75,-0.06,24,161.57,-146.51,6
2025/4/14 12:47:31,27.76,-0.08,24,161.52,-146.59,4
2025/4/14 12:47:34,27.83,0.05,23,161.5,-146.52,4
2025/4/14 12:47:37,27.89,-0.05,25,161.36,-146.6,3
2025/4/14 12:47:40,27.85,-0.04,24,161.37,-146.55,6
2025/4/14 12:47:43,27.73,-0.18,25,161.42,-146.6,5
2025/4/14 12:47:46,27.71,-0.15,24,161.31,-146.62,4
2025/4/14 12:47:49,27.83,-0.03,23,161.46,-146.56,3
2025/4/14 12:47:52,27.76,-0.11,23,161.51,-146.65,4
2025/4/14 12:47:55,27.78,-0.18,24,161.44,-146.59,5
2025/4/14 12:47:58,27.8,-0.11,23,161.5,-146.61,4
2025/4/14 12:48:01,27.73,-0.03,25,161.49,-146.53,3
2025/4/14 12:48:04,27.8,-0.12,23,161.46,-146.64,5
2025/4/14 12:48:07,27.77,-0.11,24,161.51,-146.6,4
2025/4/14 12:48:10,27.8,-0.04,24,161.57,-146.6,4
2025/4/14 12:48:13,27.73,-0.06,23,161.43,-146.57,2
2025/4/14 12:48:16,27.84,-0.06,22,161.45,-146.69,4
2025/4/14 12:48:19,27.77,-0.1,24,161.39,-146.56,4
2025/4/14 12:48:22,27.87,-0.07,24,161.54,-146.64,3
2025/4/14 12:48:25,27.94,-0.07,24,161.22,-146.64,3
2025/4/14 12:48:28,27.94,-0.07,24,161.31,-146.71,6
2025/4/14 12:48:31,27.88,-0.15,23,161.3,-146.48,4
2025/4/14 12:48:34,27.89,-0.11,23,161.36,-146.45,5
2025/4/14 12:48:37,27.79,-0.13,25,161.39,-146.65,4
2025/4/14 12:48:40,27.88,-0.15,24,161.46,-146.59,3
2025/4/14 12:48:43,27.91,-0.2,25,161.35,-146.6,4
2025/4/14 12:48:46,27.84,-0.12,24,161.4,-146.65,1
2025/4/14 12:48:49,27.97,-0.19,22,161.34,-146.41,4
2025/4/14 12:48:52,27.72,-0.06,23,161.36,-146.48,5
2025/4/14 12:48:55,27.97,-0.09,24,161.48,-146.54,6
2025/4/14 12:48:58,27.89,-0.1,25,161.31,-146.61,3
2025/4/14 12:49:01,27.84,-0.15,23,161.24,-146.53,5
2025/4/14 12:49:04,27.86,-0.15,22,161.37,-146.53,5
2025/4/14 12:49:07,27.86,-0.13,23,161.33,-146.69,6
2025/4/14 12:49:10,27.79,-0.23,25,161.42,-146.65,3
2025/4/14 12:49:13,27.85,-0.11,24,161.35,-146.54,3
2025/4/14 12:49:16,27.92,-0.19,24,161.34,-146.5,3
2025/4/14 12:49:19,27.78,-0.18,25,161.36,-146.49,6
2025/4/14 12:49:22,27.97,-0.22,24,161.44,-146.63,4
2025/4/14 12:49:25,27.92,-0.22,24,161.29,-146.63,4
2025/4/14 12:49:28,27.91,-0.16,24,161.47,-146.56,3
2025/4/14 12:49:31,27.76,-0.16,24,161.26,-146.59,4
2025/4/14 12:49:34,27.9,-0.06,23,161.46,-146.6,5
2025/4/14 12:49:37,27.94,-0.11,22,161.43,-146.51,5
2025/4/14 12:49:40,27.93,-0.13,24,161.37,-146.51,6
2025/4/14 12:49:43,27.9,-0.07,24,161.5,-146.57,6
2025/4/14 12:49:46,27.83,-0.1,23,161.48,-146.66,4
2025/4/14 12:49:49,27.9,-0.14,23,161.51,-146.63,3
2025/4/14 12:49:52,27.92,-0.07,23,161.48,-146.51,4
2025/4/14 12:49:55,27.86,-0.09,22,161.35,-146.53,4
2025/4/14 12:49:58,27.88,-0.1,26,161.53,-146.63,3
2025/4/14 12:50:01,27.86,-0.01,23,161.49,-146.52,3
2025/4/14 12:50:04,27.88,-0.04,24,161.52,-146.55,4
2025/4/14 12:50:07,27.88,-0.08,23,161.4,-146.62,3
2025/4/14 12:50:10,27.84,-0.14,22,161.33,-146.7,3
2025/4/14 12:50:13,27.92,-0.17,23,161.35,-146.59,1
2025/4/14 12:50:16,27.88,-0.28,23,161.22,-146.69,5
2025/4/14 12:50:19,27.78,-0.21,24,161.6,-146.69,3
2025/4/14 12:50:22,27.92,-0.21,25,161.48,-145.98,5
2025/4/14 12:50:25,27.75,-0.13,23,161.99,-146.59,6
2025/4/14 12:50:28,27.89,-0.17,22,161.81,-146.69,4
2025/4/14 12:50:31,27.88,-0.09,25,161.29,-146.46,4
2025/4/14 12:50:34,27.88,-0.07,23,161.66,-146.56,3
2025/4/14 12:50:37,27.86,-0.2,23,161.58,-146.57,1
2025/4/14 12:50:40,27.85,-0.17,22,161.65,-146.65,3
2025/4/14 12:50:43,27.88,-0.28,24,161.64,-146.63,4
2025/4/14 12:50:46,27.81,-0.25,22,161.53,-146.51,3
2025/4/14 12:50:49,27.8,-0.25,24,161.47,-146.61,4
2025/4/14 12:50:52,27.86,-0.22,23,161.65,-146.55,3
2025/4/14 12:50:55,27.75,-0.22,25,161.74,-146,5
2025/4/14 12:50:58,27.92,-0.17,23,161.73,-146.79,4
2025/4/14 12:51:01,27.78,-0.21,22,161.61,-146.53,5
2025/4/14 12:51:04,27.48,-0.07,22,162.09,-146.1,4
2025/4/14 12:51:07,27.99,-0.16,22,161.52,-146.72,4
2025/4/14 12:51:10,27.88,-0.23,23,161.17,-146.62,5
2025/4/14 12:51:13,27.87,-0.31,24,161.66,-146.6,6
2025/4/14 12:51:16,27.8,-0.27,23,161.8,-146.79,3
2025/4/14 12:51:19,27.9,-0.37,22,161.44,-146.68,4
2025/4/14 12:51:22,27.73,-0.39,24,161.68,-146.62,3
2025/4/14 12:51:25,27.83,-0.23,23,161.67,-146.59,5
2025/4/14 12:51:28,27.78,-0.29,25,161.46,-146.59,2
2025/4/14 12:51:31,27.94,-0.31,25,162.02,-147.16,4
2025/4/14 12:51:34,27.94,-0.36,20,161.68,-146.73,5
2025/4/14 12:51:37,27.98,-0.42,19,161.54,-146.19,4
2025/4/14 12:51:40,27.52,-0.39,22,161.62,-146.55,3
2025/4/14 12:51:43,27.84,-0.23,23,161.67,-146.2,5
2025/4/14 12:51:46,27.92,-0.3,25,161.67,-146.59,4
2025/4/14 12:51:49,28.02,-0.27,25,161.54,-146.53,5
2025/4/14 12:51:52,27.89,-0.32,23,161.69,-146.58,3
2025/4/14 12:51:55,27.83,-0.27,23,161.64,-146.57,2
2025/4/14 12:51:58,27.85,-0.34,23,161.69,-146.75,5
2025/4/14 12:52:01,28.13,-0.45,24,161.33,-146.64,3
2025/4/14 12:52:04,27.83,-0.37,23,161.57,-146.58,7
2025/4/14 12:52:07,28.11,-0.51,24,161.78,-146.43,5
2025/4/14 12:52:10,27.76,-0.28,24,161.75,-146.56,6
2025/4/14 12:52:13,27.94,-0.28,23,161.62,-146.6,3
2025/4/14 12:52:16,27.86,-0.23,24,161.56,-146.69,4
2025/4/14 12:52:19,27.93,-0.42,26,161.47,-146.6,5
2025/4/14 12:52:22,28.05,-0.4,24,161.62,-146.73,4
2025/4/14 12:52:25,27.83,-0.33,24,161.69,-146.34,5
2025/4/14 12:52:28,27.81,-0.1,24,161.8,-146.48,4
2025/4/14 12:52:31,27.88,-0.33,23,161.95,-145.91,1
2025/4/14 12:52:34,27.89,-0.28,24,161.77,-145.93,2
2025/4/14 12:52:37,27.93,-0.41,25,161.64,-146.57,3
2025/4/14 12:52:40,27.85,-0.4,25,161.73,-146.46,3
2025/4/14 12:52:43,27.93,-0.32,24,161.74,-146.58,3
2025/4/14 12:52:46,27.96,-0.26,26,161.65,-146.56,1
2025/4/14 12:52:49,27.79,-0.33,23,161.68,-146.53,4
2025/4/14 12:52:52,27.88,-0.21,25,161.83,-146.6,3
2025/4/14 12:52:55,27.82,-0.21,23,161.61,-146.53,5
2025/4/14 12:52:58,27.97,-0.27,23,161.72,-146.58,3
2025/4/14 12:53:01,27.91,-0.34,23,161.7,-146.62,4
2025/4/14 12:53:04,27.98,-0.43,25,161.74,-146.7,5
2025/4/14 12:53:07,27.81,-0.31,24,161.77,-146.52,4
2025/4/14 12:53:10,27.96,-0.31,23,161.76,-146.58,4
2025/4/14 12:53:13,27.78,-0.24,24,161.82,-146.5,5
2025/4/14 12:53:16,27.94,-0.36,22,161.83,-146.54,5
2025/4/14 12:53:19,27.98,-0.36,23,161.84,-146.59,3
2025/4/14 12:53:22,27.85,-0.3,23,161.86,-146.52,4
2025/4/14 12:53:25,27.79,-0.3,23,161.85,-146.52,4
2025/4/14 12:53:28,27.92,-0.27,24,161.8,-146.63,4
2025/4/14 12:53:31,27.94,-0.35,23,161.89,-146.55,5
2025/4/14 12:53:34,27.78,-0.13,23,161.87,-146.63,5
2025/4/14 12:53:37,27.8,-0.28,24,161.81,-146.58,5
2025/4/14 12:53:40,27.88,-0.36,25,161.77,-146.54,8
2025/4/14 12:53:43,27.81,-0.21,23,161.97,-146.59,4
2025/4/14 12:53:46,27.8,-0.21,24,161.85,-146.54,4
2025/4/14 12:53:49,27.93,-0.27,22,161.79,-146.59,4
2025/4/14 12:53:52,27.84,-0.32,24,161.78,-146.64,3
2025/4/14 12:53:55,27.86,-0.21,24,161.53,-146.66,6
2025/4/14 12:53:58,27.94,-0.28,21,161.84,-146.56,3
2025/4/14 12:54:01,27.84,-0.25,24,161.85,-146.53,5
2025/4/14 12:54:04,27.84,-0.29,25,161.89,-146.48,6
2025/4/14 12:54:07,27.89,-0.31,23,161.67,-146.6,4
2025/4/14 12:54:10,27.81,-0.29,23,161.72,-146.5,6
2025/4/14 12:54:13,27.89,-0.16,23,161.75,-146.56,6
2025/4/14 12:54:16,27.76,-0.28,24,161.78,-146.71,4
2025/4/14 12:54:19,27.84,-0.18,24,161.8,-146.49,4
2025/4/14 12:54:22,27.93,-0.39,23,161.8,-146.62,2
2025/4/14 12:54:25,27.85,-0.25,25,161.79,-146.61,3
2025/4/14 12:54:28,27.83,-0.28,24,161.79,-146.54,2
2025/4/14 12:54:31,27.84,-0.35,22,161.77,-146.53,5
2025/4/14 12:54:34,27.92,-0.25,25,161.79,-146.62,4
2025/4/14 12:54:37,27.67,-0.13,23,161.72,-146.5,4
2025/4/14 12:54:40,27.88,-0.41,23,161.76,-146.48,3
2025/4/14 12:54:43,27.8,-0.17,23,161.72,-146.46,3
2025/4/14 12:54:46,27.96,-0.19,22,161.71,-146.35,2
2025/4/14 12:54:49,27.9,-0.15,25,161.76,-146.62,3
2025/4/14 12:54:52,27.89,-0.37,24,161.86,-146.56,4
2025/4/14 12:54:55,27.92,-0.25,23,161.91,-146.58,4
2025/4/14 12:54:58,27.95,-0.23,23,161.86,-146.58,3
2025/4/14 12:55:01,27.86,-0.36,25,161.89,-146.52,7
2025/4/14 12:55:04,27.88,-0.19,23,161.84,-146.58,3
2025/4/14 12:55:07,27.87,-0.33,26,161.91,-146.57,3
2025/4/14 12:55:10,27.88,-0.31,24,161.96,-146.57,5
2025/4/14 12:55:13,27.86,-0.26,23,161.83,-146.63,2
2025/4/14 12:55:16,27.83,-0.19,24,161.78,-146.54,4
2025/4/14 12:55:19,27.83,-0.22,23,161.87,-146.53,4
2025/4/14 12:55:22,27.92,-0.44,25,161.57,-146.63,3
2025/4/14 12:55:25,28.05,-0.39,22,161.5,-146.58,5
2025/4/14 12:55:28,28.04,-0.28,24,161.47,-146.51,4
2025/4/14 12:55:31,28.02,-0.29,24,161.51,-146.59,3
2025/4/14 12:55:34,27.96,-0.41,24,161.46,-146.61,3
2025/4/14 12:55:37,27.97,-0.49,23,161.57,-146.49,4
2025/4/14 12:55:40,28.06,-0.48,25,161.44,-146.66,5
2025/4/14 12:55:43,27.83,-0.35,23,161.82,-146.62,2
2025/4/14 12:55:46,27.67,-0.26,24,161.95,-146.43,2
2025/4/14 12:55:49,27.96,-0.38,24,161.28,-146.65,3
2025/4/14 12:55:52,27.99,-0.4,23,161.56,-146.58,5
2025/4/14 12:55:55,27.93,-0.35,24,161.6,-146.66,4
2025/4/14 12:55:58,27.98,-0.47,23,161.6,-146.56,5
2025/4/14 12:56:01,27.91,-0.37,25,161.64,-146.65,4
2025/4/14 12:56:04,27.99,-0.41,24,161.66,-146.66,4
2025/4/14 12:56:07,27.97,-0.38,24,161.69,-146.7,5
2025/4/14 12:56:10,27.96,-0.28,26,161.67,-146.67,6
2025/4/14 12:56:13,27.9,-0.38,23,161.58,-146.58,3
2025/4/14 12:56:16,27.93,-0.47,23,161.62,-146.67,4
2025/4/14 12:56:19,27.95,-0.3,22,161.6,-146.54,3
2025/4/14 12:56:22,27.94,-0.36,25,161.66,-146.52,3
2025/4/14 12:56:25,27.98,-0.33,24,161.61,-146.56,4
2025/4/14 12:56:28,27.98,-0.25,23,161.65,-146.64,1
2025/4/14 12:56:31,27.94,-0.34,24,161.71,-146.52,4
2025/4/14 12:56:34,27.83,-0.34,25,161.73,-146.69,3
2025/4/14 12:56:37,27.95,-0.31,24,161.61,-146.33,4
2025/4/14 12:56:40,27.9,-0.44,23,161.68,-146.24,3
2025/4/14 12:56:43,27.87,-0.35,23,161.61,-146.52,5
2025/4/14 12:56:46,27.89,-0.39,23,161.5,-146.48,4
2025/4/14 12:56:49,27.91,-0.4,23,161.6,-146.58,5
2025/4/14 12:56:52,27.99,-0.35,24,161.72,-146.59,3
2025/4/14 12:56:55,27.94,-0.5,24,161.66,-146.71,4
2025/4/14 12:56:58,27.98,-0.38,25,161.66,-146.66,2
2025/4/14 12:57:01,27.93,-0.32,24,161.65,-146.69,3
2025/4/14 12:57:04,27.95,-0.37,24,161.66,-146.66,7
2025/4/14 12:57:07,27.97,-0.38,24,161.61,-146.65,5
2025/4/14 12:57:10,27.64,-0.27,23,162.16,-146.7,6
2025/4/14 12:57:13,28.24,-0.51,24,162.44,-146.56,4
2025/4/14 12:57:16,27.98,-0.29,23,161.83,-146.64,6
2025/4/14 12:57:19,27.92,-0.35,24,161.72,-146.55,3
2025/4/14 12:57:22,27.91,-0.28,23,161.73,-146.47,4
2025/4/14 12:57:25,27.8,-0.3,23,161.8,-146.63,5
2025/4/14 12:57:28,27.9,-0.33,24,161.77,-146.5,5
2025/4/14 12:57:31,27.93,-0.33,24,161.79,-146.51,1
2025/4/14 12:57:34,27.77,-0.34,23,161.82,-146.58,2
2025/4/14 12:57:37,27.91,-0.46,25,161.78,-146.56,4
2025/4/14 12:57:40,27.86,-0.35,25,161.73,-146.49,7
2025/4/14 12:57:43,27.72,-0.31,25,161.98,-146.71,5
2025/4/14 12:57:46,27.82,-0.32,22,161.74,-146.57,3
2025/4/14 12:57:49,27.79,-0.34,22,161.87,-146.6,2
2025/4/14 12:57:52,27.9,-0.27,23,161.88,-146.63,4
2025/4/14 12:57:55,27.91,-0.44,24,161.69,-146.45,2
2025/4/14 12:57:58,27.9,-0.31,24,161.75,-146.63,3
2025/4/14 12:58:01,27.88,-0.38,24,161.82,-146.73,5
2025/4/14 12:58:04,27.78,-0.53,23,161.77,-146.74,3
2025/4/14 12:58:07,27.91,-0.38,23,161.75,-146.6,5
2025/4/14 12:58:10,27.79,-0.43,22,161.84,-146.68,5
2025/4/14 12:58:13,27.76,-0.47,22,161.79,-146.63,4
2025/4/14 12:58:16,27.85,-0.42,22,161.77,-146.51,4
2025/4/14 12:58:19,27.86,-0.36,21,161.78,-146.53,4
2025/4/14 12:58:22,27.85,-0.38,23,161.8,-146.59,6
2025/4/14 12:58:25,27.73,-0.27,22,161.85,-146.6,4
2025/4/14 12:58:28,27.89,-0.34,23,161.73,-146.49,5
2025/4/14 12:58:31,27.83,-0.36,22,161.81,-146.72,5
2025/4/14 12:58:34,27.78,-0.36,23,161.39,-146.56,2
2025/4/14 12:58:38,27.89,-0.25,23,161.92,-146.62,3
2025/4/14 12:58:41,27.89,-0.27,25,162.02,-146.6,4
2025/4/14 12:58:44,27.85,-0.45,23,161.92,-146.68,2
2025/4/14 12:58:47,27.88,-0.31,23,161.82,-146.43,4
2025/4/14 12:58:50,27.81,-0.31,23,161.8,-146.5,3
2025/4/14 12:58:53,27.69,-0.29,22,161.73,-146.73,6
2025/4/14 12:58:56,27.81,-0.31,25,161.78,-146.59,4
2025/4/14 12:58:59,27.81,-0.29,24,161.88,-146.68,5
2025/4/14 12:59:02,27.88,-0.34,21,161.81,-146.54,5
2025/4/14 12:59:05,27.8,-0.34,23,161.87,-146.55,4
2025/4/14 12:59:08,27.85,-0.31,24,161.83,-146.5,3
2025/4/14 12:59:11,27.82,-0.43,23,161.93,-146.55,5
2025/4/14 12:59:14,27.82,-0.39,24,161.81,-146.57,3
2025/4/14 12:59:17,27.32,-0.26,23,161.9,-146.6,5
2025/4/14 12:59:20,28.01,-0.44,25,161.72,-146.45,5
2025/4/14 12:59:23,27.85,-0.49,23,161.81,-146.48,4
2025/4/14 12:59:26,27.86,-0.33,24,161.79,-146.57,5
2025/4/14 12:59:29,27.89,-0.25,23,161.84,-146.53,7
2025/4/14 12:59:32,28,-0.4,24,161.86,-146.62,2
2025/4/14 12:59:35,27.87,-0.32,25,161.85,-146.6,4
2025/4/14 12:59:38,27.85,-0.37,24,161.92,-146.63,5
2025/4/14 12:59:41,27.51,-0.18,22,162.03,-146.68,4
2025/4/14 12:59:44,27.74,-0.37,21,161.98,-146.53,3
2025/4/14 12:59:47,27.86,-0.28,23,161.58,-146.59,5
2025/4/14 12:59:50,27.85,-0.42,22,161.72,-146.62,6
2025/4/14 12:59:53,27.92,-0.4,23,161.8,-146.56,4
2025/4/14 12:59:56,27.93,-0.39,22,161.76,-146.58,3
2025/4/14 12:59:59,28.04,-0.46,24,161.61,-146.6,4
2025/4/14 13:00:02,27.96,-0.36,22,161.76,-146.49,3
2025/4/14 13:00:05,27.83,-0.42,21,161.54,-146.56,3
2025/4/14 13:00:08,27.78,-0.28,24,162.05,-146.52,5
2025/4/14 13:00:11,27.78,-0.33,23,162.01,-146.56,7
2025/4/14 13:00:14,27.87,-0.44,23,161.73,-146.91,2
2025/4/14 13:00:17,27.74,-0.4,24,161.94,-146.88,4
2025/4/14 13:00:20,27.87,-0.29,24,162.04,-146.66,4
2025/4/14 13:00:23,27.9,-0.38,24,161.89,-146.76,3
2025/4/14 13:00:26,27.76,-0.31,25,161.77,-146.79,4
2025/4/14 13:00:29,27.88,-0.54,24,161.83,-146.77,4
2025/4/14 13:00:32,27.8,-0.46,23,161.76,-146.85,5
2025/4/14 13:00:35,27.83,-0.41,23,161.75,-146.85,3
2025/4/14 13:00:38,28.05,-0.52,23,161.49,-146.69,5
2025/4/14 13:00:41,27.89,-0.37,23,161.92,-146.81,4
2025/4/14 13:00:44,27.91,-0.38,24,161.75,-146.82,5
2025/4/14 13:00:47,27.91,-0.28,23,161.69,-146.73,5
2025/4/14 13:00:50,27.83,-0.44,23,161.79,-146.81,5
2025/4/14 13:00:53,27.85,-0.37,23,161.75,-146.81,3
2025/4/14 13:00:56,27.99,-0.35,23,161.78,-146.63,4
2025/4/14 13:00:59,27.97,-0.4,24,161.77,-146.72,2
2025/4/14 13:01:02,27.78,-0.34,24,161.77,-146.78,5
2025/4/14 13:01:05,27.9,-0.32,23,161.75,-146.83,4
2025/4/14 13:01:08,27.86,-0.44,21,161.73,-146.82,6
2025/4/14 13:01:11,27.87,-0.49,25,161.72,-146.71,3
2025/4/14 13:01:14,27.82,-0.43,24,161.79,-146.86,5
2025/4/14 13:01:17,27.92,-0.44,23,161.84,-146.88,6
2025/4/14 13:01:20,27.88,-0.38,25,161.67,-146.81,5
2025/4/14 13:01:23,27.85,-0.45,25,161.77,-146.87,4
2025/4/14 13:01:26,27.89,-0.34,25,161.73,-146.78,6
2025/4/14 13:01:29,27.86,-0.3,22,161.77,-146.82,3
2025/4/14 13:01:48,27.9,-0.32,22,161.68,-146.7,6
2025/4/14 13:01:51,27.87,-0.35,22,161.71,-146.73,7
2025/4/14 13:01:54,27.99,-0.3,25,161.7,-146.72,4
2025/4/14 13:01:57,27.81,-0.32,23,161.82,-146.86,2
2025/4/14 13:02:01,27.84,-0.27,23,161.95,-147.18,3
2025/4/14 13:02:04,27.94,-0.33,24,161.77,-146.69,3
2025/4/14 13:02:07,27.8,-0.35,23,161.63,-146.72,5
2025/4/14 13:02:10,28.04,-0.38,24,161.79,-147.01,3
2025/4/14 13:02:13,28.02,-0.44,24,161.68,-146.68,4
2025/4/14 13:02:16,27.96,-0.36,24,161.77,-146.81,4
2025/4/14 13:02:19,27.71,-0.29,23,162.05,-146.63,4
2025/4/14 13:02:22,27.75,-0.37,23,162.1,-146.68,7
2025/4/14 13:02:25,27.71,-0.26,22,163.59,-146.7,4
2025/4/14 13:02:28,27.8,-0.41,24,162.03,-146.81,4
2025/4/14 13:02:31,27.78,-0.31,23,162.05,-146.66,4
2025/4/14 13:02:34,27.7,-0.38,25,162.23,-146.7,5
2025/4/14 13:02:37,27.82,-0.38,21,162.08,-146.75,4
2025/4/14 13:02:40,27.84,-0.34,22,162.09,-146.67,3
2025/4/14 13:02:43,27.74,-0.39,23,162.11,-146.8,5
2025/4/14 13:02:46,27.65,-0.33,23,162.27,-146.75,2
2025/4/14 13:02:49,27.73,-0.38,22,162.24,-146.66,7
2025/4/14 13:02:52,27.73,-0.33,25,162.13,-146.66,5
2025/4/14 13:02:55,27.97,-0.46,26,162.24,-146.75,4
2025/4/14 13:02:58,27.68,-0.38,23,162.13,-146.83,5
2025/4/14 13:03:01,27.77,-0.38,24,162.23,-146.78,5
2025/4/14 13:03:04,27.71,-0.36,24,162.08,-146.73,3
2025/4/14 13:03:07,27.75,-0.43,24,162.1,-146.69,4
2025/4/14 13:03:10,27.8,-0.42,24,162.27,-146.83,5
2025/4/14 13:03:13,27.7,-0.35,25,162.06,-146.64,6
2025/4/14 13:03:16,27.73,-0.32,24,162.26,-146.74,4
2025/4/14 13:03:19,27.73,-0.3,26,162.02,-146.6,4
2025/4/14 13:03:22,27.83,-0.46,23,162.19,-146.95,5
2025/4/14 13:03:25,27.68,-0.24,25,162.13,-146.72,6
2025/4/14 13:03:28,27.79,-0.45,26,162.11,-146.73,4
2025/4/14 13:03:31,27.88,-0.37,26,162.06,-146.96,4
2025/4/14 13:03:34,27.66,-0.47,26,162.27,-146.87,5
2025/4/14 13:08:04,27.92,-0.38,25,161.92,-146.91,5
2025/4/14 13:08:07,27.92,-0.38,24,161.98,-146.74,6
2025/4/14 13:08:10,27.9,-0.47,24,162.51,-146.91,6
2025/4/14 13:08:13,27.56,-0.39,24,162.37,-146.72,3
2025/4/14 13:08:16,27.74,-0.42,23,162.4,-146.72,5
2025/4/14 13:08:19,27.76,-0.41,24,162.5,-146.92,4
2025/4/14 13:08:22,27.77,-0.36,25,162.26,-146.78,3
2025/4/14 13:08:25,27.79,-0.55,25,162.5,-146.7,4
2025/4/14 13:08:28,27.82,-0.45,24,162.16,-146.81,4
2025/4/14 13:08:31,27.8,-0.39,25,162.22,-146.7,4
2025/4/14 13:08:34,27.8,-0.48,26,162.05,-146.75,4
2025/4/14 13:08:37,27.74,-0.45,23,162.09,-146.78,7
2025/4/14 13:08:40,27.77,-0.27,25,162.12,-146.88,4
2025/4/14 13:08:43,27.81,-0.42,25,162.08,-146.81,6
2025/4/14 13:08:46,27.83,-0.36,23,162.15,-146.67,4
2025/4/14 13:08:49,27.91,-0.44,25,162.13,-146.69,3
2025/4/14 13:08:52,27.8,-0.27,24,162.07,-146.8,2
2025/4/14 13:08:55,27.8,-0.43,24,162.09,-146.77,4
2025/4/14 13:08:58,27.86,-0.46,26,162.17,-146.91,7
2025/4/14 13:09:01,27.84,-0.27,24,162.09,-146.89,4
2025/4/14 13:09:04,27.84,-0.47,25,162.11,-146.73,4
2025/4/14 13:09:07,27.93,-0.45,24,162.1,-146.82,3
2025/4/14 13:09:10,27.86,-0.41,24,162.06,-146.72,5
2025/4/14 13:09:13,27.84,-0.49,23,162.01,-146.75,4
2025/4/14 13:09:16,27.82,-0.53,25,162.17,-146.83,3
2025/4/14 13:09:19,27.77,-0.57,25,162.15,-146.88,3
2025/4/14 13:09:22,27.73,-0.4,25,161.99,-146.67,4
2025/4/14 13:09:25,27.8,-0.37,24,162.23,-146.86,5
2025/4/14 13:09:28,27.82,-0.54,25,162.15,-146.86,3
2025/4/14 13:09:31,27.76,-0.35,25,162.2,-146.78,5
2025/4/14 13:09:34,27.81,-0.54,25,162.2,-146.79,6
2025/4/14 13:09:37,27.83,-0.44,23,162.08,-146.8,3
2025/4/14 13:09:40,27.81,-0.42,25,162.13,-146.94,3
2025/4/14 13:09:43,27.88,-0.43,25,162.01,-146.91,5
2025/4/14 13:09:46,27.78,-0.31,25,162.11,-146.84,5
2025/4/14 13:09:49,27.84,-0.49,25,161.79,-146.43,4
2025/4/14 13:09:52,27.81,-0.58,25,161.95,-146.85,6
2025/4/14 13:09:55,27.93,-0.59,23,161.88,-146.75,5
2025/4/14 13:09:58,27.78,-0.43,25,161.99,-146.74,7
2025/4/14 13:10:01,27.91,-0.57,23,162.01,-146.81,4
2025/4/14 13:10:04,27.8,-0.47,24,161.86,-146.76,6
2025/4/14 13:10:07,27.83,-0.55,23,162.01,-146.74,4
2025/4/14 13:10:10,27.94,-0.52,24,161.92,-146.96,4
2025/4/14 13:10:13,27.94,-0.64,24,161.92,-146.77,7
2025/4/14 13:10:16,27.88,-0.57,24,161.89,-146.77,3
2025/4/14 13:10:19,27.9,-0.55,25,161.96,-146.78,5
2025/4/14 13:10:22,27.76,-0.59,22,161.88,-146.74,3
2025/4/14 13:10:25,27.94,-0.51,24,161.94,-146.75,5
2025/4/14 13:10:28,27.97,-0.43,24,161.87,-146.81,3
2025/4/14 13:10:31,27.9,-0.54,23,161.98,-146.84,6
2025/4/14 13:10:34,27.96,-0.58,23,161.96,-146.78,3
2025/4/14 13:10:37,27.97,-0.52,24,161.86,-146.73,5
2025/4/14 13:10:40,27.94,-0.59,24,161.88,-146.63,2
2025/4/14 13:10:43,28,-0.42,24,162.05,-146.84,6
2025/4/14 13:10:46,27.92,-0.58,23,162.05,-146.64,7
2025/4/14 13:10:49,27.96,-0.5,21,161.95,-146.74,2
2025/4/14 13:10:52,27.96,-0.51,25,161.97,-146.73,4
2025/4/14 13:10:55,27.94,-0.51,22,161.96,-146.68,5
2025/4/14 13:10:58,27.97,-0.52,24,161.95,-146.71,6
2025/4/14 13:11:01,28.04,-0.64,24,161.4,-146.86,5
2025/4/14 13:11:04,27.74,-0.57,25,162.36,-146.78,3
2025/4/14 13:11:07,27.78,-0.57,24,162.14,-146.74,6
2025/4/14 13:11:10,27.57,-0.54,24,162.21,-146.77,3
2025/4/14 13:11:13,27.66,-0.68,25,162.21,-146.77,5
2025/4/14 13:11:16,27.79,-0.49,25,162.2,-146.85,5
2025/4/14 13:11:19,27.76,-0.6,24,162.14,-146.81,6
2025/4/14 13:11:22,27.71,-0.52,25,162.18,-146.69,6
2025/4/14 13:11:25,27.75,-0.6,23,162.23,-146.76,4
2025/4/14 13:11:28,27.73,-0.64,23,162.17,-146.76,4
2025/4/14 13:11:31,27.82,-0.61,22,162.28,-146.76,5
2025/4/14 13:11:34,27.78,-0.6,24,162.07,-146.82,5
2025/4/14 13:11:37,27.81,-0.64,23,162.12,-146.73,4
2025/4/14 13:11:40,27.79,-0.48,25,162.13,-146.84,7
2025/4/14 13:11:43,27.73,-0.67,21,162.34,-146.82,6
2025/4/14 13:11:46,27.87,-0.72,25,162.24,-146.86,5
2025/4/14 13:11:49,27.77,-0.56,22,162.09,-146.8,5
2025/4/14 13:11:52,27.78,-0.58,24,162.08,-146.78,4
2025/4/14 13:11:55,27.82,-0.61,24,162.2,-146.78,6
2025/4/14 13:11:58,27.85,-0.59,23,162.07,-146.89,6
2025/4/14 13:12:01,27.67,-0.65,24,162.15,-146.7,4
2025/4/14 13:12:04,27.86,-0.58,25,162.19,-146.87,5
2025/4/14 13:12:07,27.72,-0.67,23,161.94,-146.91,5
2025/4/14 13:12:10,27.82,-0.68,22,162.06,-146.78,6
2025/4/14 13:12:13,27.76,-0.55,24,162.18,-146.76,6
2025/4/14 13:12:16,27.81,-0.53,24,161.64,-146.69,5
2025/4/14 13:12:19,27.78,-0.69,25,162.12,-146.75,5
2025/4/14 13:12:22,27.87,-0.58,23,161.97,-146.8,4
2025/4/14 13:12:25,27.72,-0.57,23,162.15,-146.73,3
2025/4/14 13:12:28,27.7,-0.55,23,162.1,-146.75,3
2025/4/14 13:12:31,27.86,-0.64,24,162.32,-146.76,5
2025/4/14 13:12:34,27.87,-0.52,24,162.21,-146.83,6
2025/4/14 13:12:37,27.69,-0.62,24,162.15,-146.83,5
2025/4/14 13:12:43,27.89,-0.52,24,162.13,-146.79,4
2025/4/14 13:12:46,27.85,-0.64,24,162.09,-146.74,4
2025/4/14 13:12:49,27.89,-0.69,24,162.17,-146.66,4
2025/4/14 13:12:52,27.74,-0.63,24,162.09,-146.87,4
2025/4/14 13:12:55,27.91,-0.6,24,162.07,-146.8,5
2025/4/14 13:12:58,27.77,-0.55,23,162.08,-146.8,4
2025/4/14 13:13:01,27.8,-0.53,26,162.15,-146.69,5
2025/4/14 13:13:04,27.88,-0.65,24,162.02,-146.83,2
2025/4/14 13:13:07,27.77,-0.66,23,162.07,-146.75,7
2025/4/14 13:13:10,27.89,-0.51,24,162.06,-146.61,4
2025/4/14 13:13:13,27.81,-0.68,25,162.01,-146.79,6
2025/4/14 13:13:17,27.84,-0.61,25,161.61,-146.66,5
2025/4/14 13:13:20,27.93,-0.56,24,162.09,-146.69,3
2025/4/14 13:13:23,27.85,-0.73,24,161.97,-146.7,7
2025/4/14 13:13:26,27.92,-0.63,23,162.11,-146.76,4
2025/4/14 13:13:29,27.79,-0.68,25,161.96,-146.83,3
2025/4/14 13:13:32,27.88,-0.53,24,161.97,-146.66,5
2025/4/14 13:13:35,27.74,-0.62,25,162.63,-146.77,5
2025/4/14 13:13:38,27.66,-0.62,26,162.32,-146.76,5
2025/4/14 13:13:41,27.66,-0.57,25,162.43,-146.77,6
2025/4/14 13:13:44,27.71,-0.54,24,162.46,-146.71,3
2025/4/14 13:13:47,27.69,-0.48,23,162.54,-146.93,3
2025/4/14 13:13:50,27.61,-0.58,22,162.52,-146.75,3
2025/4/14 13:13:53,27.63,-0.66,23,162.4,-146.79,4
2025/4/14 13:13:56,27.59,-0.63,25,162.46,-146.81,4
2025/4/14 13:13:59,27.74,-0.63,23,162.46,-146.71,2
2025/4/14 13:14:02,27.62,-0.62,25,162.42,-146.78,7
2025/4/14 13:14:05,27.67,-0.51,24,162.45,-146.83,3
2025/4/14 13:14:08,27.69,-0.62,23,162.45,-146.75,3
2025/4/14 13:14:11,27.61,-0.57,24,162.54,-146.77,4
2025/4/14 13:14:14,27.59,-0.47,24,162.56,-146.78,4
2025/4/14 13:14:17,27.78,-0.68,21,162.17,-147.06,6
2025/4/14 13:14:20,27.52,-0.42,25,162.64,-146.68,3
2025/4/14 13:14:23,27.77,-0.57,22,162.34,-146.79,5
2025/4/14 13:14:26,27.75,-0.57,23,162.2,-146.7,4
2025/4/14 13:14:29,27.83,-0.65,22,162.32,-146.82,6
2025/4/14 13:14:32,27.65,-0.56,23,162.3,-146.87,6
2025/4/14 13:14:35,27.66,-0.62,24,162.44,-146.87,3
2025/4/14 13:14:38,27.7,-0.55,23,162.35,-146.75,5
2025/4/14 13:14:41,27.79,-0.48,24,162.32,-146.85,4
2025/4/14 13:14:44,27.74,-0.5,23,162.24,-146.77,3
2025/4/14 13:14:47,27.65,-0.54,26,162.25,-146.77,4
2025/4/14 13:14:50,27.66,-0.55,23,162.4,-146.86,5
2025/4/14 13:14:53,27.59,-0.52,23,162.28,-146.74,4
2025/4/14 13:14:56,27.73,-0.68,22,162.49,-146.84,4
2025/4/14 13:14:59,27.74,-0.73,22,162.14,-146.74,3
2025/4/14 13:15:02,27.32,-0.6,27,162.51,-147.05,4
2025/4/14 13:15:05,27.49,-0.61,23,162.47,-146.93,6
2025/4/14 13:15:08,27.84,-0.55,24,162.17,-146.67,3
2025/4/14 13:15:11,27.74,-0.52,22,162.43,-147.01,6
2025/4/14 13:15:14,27.7,-0.61,24,162.17,-146.81,2
2025/4/14 13:15:17,27.85,-0.64,25,162.14,-146.7,5
2025/4/14 13:15:20,27.79,-0.66,24,162.26,-146.81,5
2025/4/14 13:15:23,27.84,-0.6,24,162.28,-146.75,6
2025/4/14 13:15:26,27.74,-0.62,22,162.27,-146.83,4
2025/4/14 13:15:29,27.86,-0.57,24,162.34,-146.9,6
2025/4/14 13:15:32,27.61,-0.6,24,162.27,-146.72,3
2025/4/14 13:15:35,27.84,-0.53,24,162.25,-146.76,3
2025/4/14 13:15:38,27.79,-0.6,25,162.37,-146.87,6
2025/4/14 13:15:41,27.85,-0.58,24,162.26,-146.74,3
2025/4/14 13:15:44,27.7,-0.61,23,162.28,-146.88,4
2025/4/14 13:15:47,27.78,-0.5,24,162.13,-146.72,4
2025/4/14 13:15:50,27.79,-0.61,24,162.33,-146.83,3
2025/4/14 13:15:53,27.74,-0.58,24,162.16,-146.75,2
2025/4/14 13:15:56,27.76,-0.62,24,162.3,-146.73,5
2025/4/14 13:15:59,27.88,-0.46,23,162.2,-146.79,5
2025/4/14 13:16:02,27.81,-0.61,24,162.29,-146.84,6
2025/4/14 13:16:05,27.82,-0.61,25,162.27,-146.74,5
2025/4/14 13:16:08,27.76,-0.53,24,162.26,-146.78,5
2025/4/14 13:16:11,27.82,-0.59,24,162.19,-146.76,4
2025/4/14 13:16:14,27.71,-0.61,24,162.96,-146.83,5
2025/4/14 13:16:17,27.72,-0.72,25,162.41,-146.73,3
2025/4/14 13:16:20,27.68,-0.57,23,162.45,-146.76,7
2025/4/14 13:16:23,27.64,-0.44,23,162.38,-146.79,6
2025/4/14 13:16:26,27.7,-0.69,25,162.51,-146.66,1
2025/4/14 13:16:29,27.62,-0.55,24,162.47,-146.89,3
2025/4/14 13:16:32,27.58,-0.51,25,162.42,-146.69,2
2025/4/14 13:16:35,27.65,-0.54,25,162.46,-146.8,4
2025/4/14 13:16:38,27.71,-0.51,24,162.52,-146.77,3
2025/4/14 13:16:41,27.68,-0.59,23,162.38,-146.77,4
2025/4/14 13:16:44,27.53,-0.71,24,162.41,-146.77,4
2025/4/14 13:16:47,27.69,-0.65,22,162.44,-146.8,5
2025/4/14 13:16:50,27.74,-0.71,24,162.44,-146.84,5
2025/4/14 13:16:53,27.67,-0.54,23,162.41,-146.82,3
2025/4/14 13:16:56,27.67,-0.52,23,162.47,-146.85,5
2025/4/14 13:16:59,27.69,-0.57,25,162.56,-146.93,4
2025/4/14 13:17:13,27.63,-0.53,23,162.5,-146.72,4
2025/4/14 13:17:16,27.82,-0.7,23,162.39,-146.95,3
2025/4/14 13:17:19,27.67,-0.61,24,162.6,-146.9,5
2025/4/14 13:17:22,27.61,-0.72,24,162.42,-146.88,5
2025/4/14 13:17:25,27.6,-0.63,22,162.41,-146.83,3
2025/4/14 13:17:28,27.64,-0.61,22,162.49,-146.87,3
2025/4/14 13:17:31,27.61,-0.74,23,162.4,-146.79,5
2025/4/14 13:17:34,27.51,-0.71,22,162.41,-146.78,7
2025/4/14 13:17:37,27.66,-0.62,24,162.51,-146.87,7
2025/4/14 13:17:40,27.58,-0.57,22,162.58,-146.79,3
2025/4/14 13:17:43,27.66,-0.61,23,161.76,-146.65,2
2025/4/14 13:17:46,27.57,-0.57,24,162.32,-146.73,5
2025/4/14 13:17:49,27.65,-0.53,22,162.31,-146.75,4
2025/4/14 13:17:52,27.58,-0.64,20,162.53,-146.79,5
2025/4/14 13:17:55,27.75,-0.59,23,162.51,-146.87,4
2025/4/14 13:17:58,27.72,-0.6,24,162.3,-146.75,2
2025/4/14 13:18:01,27.52,-0.6,24,162.49,-146.75,6
2025/4/14 13:18:04,27.72,-0.65,24,162.35,-146.75,5
2025/4/14 13:18:07,27.6,-0.7,22,162.46,-146.76,4
2025/4/14 13:18:10,27.71,-0.55,22,162.4,-146.68,5
2025/4/14 13:18:13,27.64,-0.61,22,162.47,-146.79,6
2025/4/14 13:18:16,27.61,-0.65,23,162.44,-146.74,5
2025/4/14 13:18:19,27.72,-0.5,23,162.43,-146.81,5
2025/4/14 13:18:22,27.71,-0.59,23,162.55,-146.8,5
2025/4/14 13:18:25,27.64,-0.64,21,162.4,-146.85,4
2025/4/14 13:18:28,27.69,-0.69,24,163.06,-146.82,5
2025/4/14 13:18:31,27.79,-0.64,24,162.28,-146.72,5
2025/4/14 13:18:34,27.57,-0.46,23,162.46,-146.94,3
2025/4/14 13:18:37,27.82,-0.65,24,162.48,-146.84,6
2025/4/14 13:18:40,27.7,-0.54,24,162.47,-146.92,3
2025/4/14 13:18:43,27.66,-0.63,24,162.35,-146.83,4
2025/4/14 13:18:46,27.57,-0.64,25,162.63,-146.86,6
2025/4/14 13:18:49,27.65,-0.63,26,162.46,-146.91,5
2025/4/14 13:18:52,27.85,-0.67,24,162.51,-146.77,7
2025/4/14 13:18:55,27.7,-0.59,25,162.46,-146.84,3
2025/4/14 13:18:58,27.64,-0.62,25,162.75,-146.87,4
2025/4/14 13:19:01,27.72,-0.55,24,162.58,-146.92,5
2025/4/14 13:19:05,27.69,-0.63,24,162.4,-146.7,2
2025/4/14 13:19:08,27.67,-0.62,23,162.48,-146.78,4
2025/4/14 13:19:11,27.58,-0.72,22,162.55,-146.77,4
2025/4/14 13:19:14,27.67,-0.68,24,162.44,-146.79,5
2025/4/14 13:19:17,27.7,-0.56,22,162.25,-146.77,2
2025/4/14 13:19:20,27.68,-0.59,24,162.53,-146.76,2
2025/4/14 13:19:23,27.72,-0.63,24,162.54,-146.85,3
2025/4/14 13:19:26,27.74,-0.56,25,162.49,-146.72,3
2025/4/14 13:19:29,27.73,-0.71,24,162.34,-146.81,4
2025/4/14 13:19:32,27.62,-0.62,24,162.49,-146.69,6
2025/4/14 13:19:35,27.7,-0.65,24,162.47,-146.7,3
2025/4/14 13:19:38,27.69,-0.67,24,162.54,-146.97,6
2025/4/14 13:19:41,27.62,-0.57,25,162.49,-146.81,4
2025/4/14 13:19:44,27.68,-0.77,23,162.47,-146.69,4
2025/4/14 13:19:47,27.78,-0.64,24,162.4,-146.9,6
2025/4/14 13:19:50,27.62,-0.59,24,162.36,-146.78,2
2025/4/14 13:19:53,27.54,-0.68,24,162.15,-146.79,3
2025/4/14 13:19:56,27.7,-0.59,24,162.41,-146.83,6
2025/4/14 13:19:59,27.76,-0.66,24,162,-146.79,5
2025/4/14 13:20:02,27.76,-0.61,25,162.63,-146.82,3
2025/4/14 13:20:05,27.62,-0.64,25,162.53,-146.86,3
2025/4/14 13:20:08,27.69,-0.51,23,162.58,-146.68,7
2025/4/14 13:20:11,28.11,-0.7,24,162.84,-146.69,5
2025/4/14 13:20:14,27.82,-0.57,23,162.5,-146.91,5
2025/4/14 13:20:17,27.68,-0.56,24,162.51,-146.77,10
2025/4/14 13:25:37,27.63,-0.53,24,162.65,-146.77,4
2025/4/14 13:25:40,27.58,-0.53,23,162.31,-146.94,4
2025/4/14 13:25:43,27.75,-0.72,24,162.76,-146.94,6
2025/4/14 13:25:46,27.74,-0.57,24,162.53,-146.83,4
2025/4/14 13:25:49,27.75,-0.49,23,162.56,-146.71,5
2025/4/14 13:25:52,27.64,-0.55,25,162.58,-146.86,5
2025/4/14 13:25:55,27.94,-0.66,24,163.35,-146.41,3
2025/4/14 13:25:58,27.84,-0.76,23,162.84,-146.43,5
2025/4/14 13:26:01,27.77,-0.66,25,162.45,-146.46,3
2025/4/14 13:26:07,27.46,-0.68,24,161.49,-146.72,4
2025/4/14 13:26:10,27.68,-0.63,23,162.49,-146.55,3
2025/4/14 13:26:13,27.65,-0.59,24,163.88,-146.26,6
2025/4/14 13:26:16,27.58,-0.61,22,162.47,-146.56,7
2025/4/14 13:26:19,27.5,-0.5,24,162.22,-147.01,5
2025/4/14 13:26:22,27.74,-0.67,22,162.83,-146.69,4
2025/4/14 13:26:25,27.56,-0.53,23,162.66,-146.71,4
2025/4/14 13:26:28,27.58,-0.54,22,162.67,-146.86,5
2025/4/14 13:26:31,27.56,-0.57,23,162.54,-146.81,3
2025/4/14 13:26:34,27.55,-0.62,22,162.74,-146.92,8
2025/4/14 13:26:37,27.59,-0.56,23,162.68,-146.81,5
2025/4/14 13:26:40,27.59,-0.53,22,162.67,-146.87,6
2025/4/14 13:26:43,27.64,-0.69,23,162.62,-146.8,4
2025/4/14 13:26:46,27.7,-0.57,22,162.74,-146.88,3
2025/4/14 13:26:49,27.55,-0.51,23,162.56,-146.8,6
2025/4/14 13:26:52,27.56,-0.59,23,162.64,-146.88,4
2025/4/14 13:26:55,27.6,-0.64,24,162.6,-146.76,5
2025/4/14 13:26:58,27.59,-0.67,22,162.59,-146.78,3
2025/4/14 13:27:01,27.58,-0.55,24,162.69,-146.9,4
2025/4/14 13:27:04,27.79,-0.72,24,162.71,-146.89,6
2025/4/14 13:27:07,27.68,-0.54,23,162.61,-146.93,7
2025/4/14 13:27:10,27.57,-0.55,23,162.61,-146.79,6
2025/4/14 13:27:13,27.66,-0.71,22,162.67,-146.84,3
2025/4/14 13:27:16,27.57,-0.64,25,162.61,-146.85,3
2025/4/14 13:27:19,27.56,-0.56,23,162.53,-146.82,2
2025/4/14 13:27:22,27.52,-0.52,23,162.65,-146.83,4
2025/4/14 13:27:25,27.53,-0.65,24,162.56,-146.77,4
2025/4/14 13:27:28,27.58,-0.56,22,162.62,-146.83,5
2025/4/14 13:27:31,27.54,-0.55,23,161.71,-146.89,2
2025/4/14 13:27:34,27.57,-0.65,24,162.6,-146.8,7
2025/4/14 13:27:37,27.7,-0.52,23,162.6,-146.74,3
2025/4/14 13:27:40,27.57,-0.58,23,162.7,-146.86,4
2025/4/14 13:27:43,27.71,-0.63,21,162.63,-146.86,7
2025/4/14 13:27:46,27.64,-0.55,21,162.53,-146.82,6
2025/4/14 13:27:49,27.64,-0.53,22,162.53,-146.86,5
2025/4/14 13:27:52,27.54,-0.55,25,162.65,-146.85,4
2025/4/14 13:27:55,27.62,-0.44,24,162.71,-146.84,5
2025/4/14 13:27:58,27.55,-0.46,23,162.65,-146.85,4
2025/4/14 13:28:01,27.7,-0.52,24,162.69,-146.79,6
2025/4/14 13:28:04,27.53,-0.6,25,162.63,-146.86,3
2025/4/14 13:28:07,27.6,-0.52,24,162.6,-146.88,6
2025/4/14 13:28:10,27.64,-0.56,23,162.68,-146.83,3
2025/4/14 13:28:13,27.57,-0.62,23,162.74,-146.92,5
2025/4/14 13:28:16,27.74,-0.56,22,162.68,-146.91,3
2025/4/14 13:28:20,27.73,-0.5,24,162.59,-146.79,4
2025/4/14 13:28:23,27.6,-0.51,22,162.51,-146.82,6
2025/4/14 13:28:26,28.29,-0.75,23,162.56,-145.95,5
2025/4/14 13:28:29,27.69,-0.7,25,162.5,-146.67,4
2025/4/14 13:28:32,27.43,-0.44,23,162.83,-146.78,4
2025/4/14 13:28:35,27.57,-0.57,23,162.71,-146.82,5
2025/4/14 13:28:38,27.71,-0.59,24,162.66,-147.2,6
2025/4/14 13:28:41,27.71,-0.46,24,162.69,-146.89,2
2025/4/14 13:28:44,27.61,-0.61,25,162.69,-146.87,3
2025/4/14 13:28:47,27.56,-0.58,23,162.71,-146.8,4
2025/4/14 13:28:50,27.52,-0.47,23,162.78,-146.77,4
2025/4/14 13:28:53,27.66,-0.69,24,162.56,-146.8,4
2025/4/14 13:28:56,27.68,-0.6,25,162.71,-146.77,4
2025/4/14 13:28:59,27.54,-0.58,22,162.6,-146.76,4
2025/4/14 13:29:02,27.71,-0.57,24,162.92,-146.88,6
2025/4/14 13:29:05,27.66,-0.65,22,161.58,-146.87,4
2025/4/14 13:29:08,27.74,-0.64,21,162.61,-146.86,4
2025/4/14 13:35:08,27.65,-0.6,19,162.64,-146.77,6
2025/4/14 13:35:11,27.58,-0.68,19,162.77,-146.79,2
2025/4/14 13:35:14,27.68,-0.55,19,162.62,-146.77,6
2025/4/14 13:35:17,27.74,-0.58,20,162.14,-146.82,6
2025/4/14 13:35:20,27.53,-0.56,21,162.59,-146.76,6
2025/4/14 13:35:23,27.68,-0.49,22,162.57,-146.69,5
2025/4/14 13:35:26,27.56,-0.7,19,162.73,-146.82,4
2025/4/14 13:35:29,27.69,-0.66,20,162.68,-146.74,3
2025/4/14 13:35:32,27.7,-0.61,18,162.7,-146.78,6
2025/4/14 13:35:35,27.66,-0.65,20,162.67,-146.76,3
2025/4/14 13:35:38,27.71,-0.62,20,162.7,-146.79,3
2025/4/14 13:35:41,27.63,-0.62,20,162.71,-146.72,5
2025/4/14 13:35:44,27.7,-0.64,22,162.65,-146.84,4
2025/4/14 13:35:47,27.6,-0.61,20,162.68,-146.85,5
2025/4/14 13:35:50,27.55,-0.46,21,162.71,-146.72,2
2025/4/14 13:35:53,27.74,-0.52,21,162.56,-146.81,5
2025/4/14 13:35:56,27.55,-0.61,20,162.59,-146.77,3
2025/4/14 13:35:59,27.59,-0.37,20,162.63,-146.79,3
2025/4/14 13:36:02,27.55,-0.63,21,162.68,-146.76,6
2025/4/14 13:36:05,27.62,-0.59,21,162.68,-146.82,6
2025/4/14 13:36:08,27.71,-0.64,22,162.65,-146.89,7
2025/4/14 13:36:11,27.61,-0.68,18,162.62,-146.77,5
2025/4/14 13:36:14,27.63,-0.64,21,162.71,-146.8,3
2025/4/14 13:36:17,27.75,-0.58,22,162.67,-146.78,4
2025/4/14 13:36:20,27.63,-0.59,23,162.76,-146.69,5
2025/4/14 13:36:23,27.59,-0.68,23,162.76,-146.86,4
2025/4/14 13:36:26,27.63,-0.6,22,162.78,-146.86,5
2025/4/14 13:36:29,27.56,-0.64,23,162.64,-146.75,5
2025/4/14 13:36:32,27.58,-0.53,23,162.62,-146.71,4
2025/4/14 13:36:35,27.61,-0.55,22,162.59,-146.75,5
2025/4/14 13:36:38,27.71,-0.67,22,162.92,-146.71,7
2025/4/14 13:36:41,27.67,-0.69,23,162.71,-146.86,6
2025/4/14 13:36:44,27.61,-0.59,22,162.65,-146.85,3
2025/4/14 13:36:47,27.64,-0.54,21,162.66,-146.77,6
2025/4/14 13:36:50,27.63,-0.59,22,162.65,-146.68,4
2025/4/14 13:36:53,27.72,-0.6,22,162.75,-146.76,5
2025/4/14 13:36:56,27.59,-0.52,22,162.64,-146.78,5
2025/4/14 13:36:59,27.61,-0.62,22,162.63,-146.65,4
2025/4/14 13:37:02,27.67,-0.59,21,162.6,-146.82,4
2025/4/14 13:37:05,27.65,-0.6,23,162.68,-146.71,6
2025/4/14 13:37:08,27.66,-0.6,22,162.73,-146.86,6
2025/4/14 13:37:11,27.64,-0.56,21,162.73,-146.71,6
2025/4/14 13:37:14,27.73,-0.65,21,162.61,-146.85,5
2025/4/14 13:37:17,27.69,-0.66,22,162.69,-146.75,5
2025/4/14 13:37:20,27.59,-0.65,23,162.63,-146.82,6
2025/4/14 13:37:23,27.61,-0.61,23,162.56,-146.79,6
2025/4/14 13:37:26,27.63,-0.72,19,162.73,-146.82,5
2025/4/14 13:37:29,27.64,-0.58,22,162.7,-146.82,3
2025/4/14 13:37:32,27.6,-0.63,21,162.65,-146.73,6
2025/4/14 13:37:35,27.59,-0.55,26,162.63,-146.7,5
2025/4/14 13:37:38,27.63,-0.6,22,162.71,-146.73,6
2025/4/14 13:37:41,27.71,-0.72,22,162.66,-146.72,5
2025/4/14 13:37:44,27.63,-0.68,20,162.64,-146.72,5
2025/4/14 13:37:47,27.61,-0.64,21,162.72,-146.74,4
2025/4/14 13:37:50,27.71,-0.59,22,162.76,-146.77,5
2025/4/14 13:37:53,27.58,-0.63,23,162.82,-146.85,5
2025/4/14 13:37:56,27.59,-0.56,22,162.68,-146.71,4
2025/4/14 13:37:59,27.64,-0.56,22,162.51,-146.72,2
2025/4/14 13:38:02,27.64,-0.69,19,162.72,-146.73,5
2025/4/14 13:38:05,27.68,-0.63,23,162.65,-146.73,7
2025/4/14 13:38:08,27.7,-0.58,23,162.68,-146.73,5
2025/4/14 13:38:11,27.61,-0.69,22,162.53,-146.83,6
2025/4/14 13:38:14,27.66,-0.69,20,162.64,-146.93,5
2025/4/14 13:38:17,27.67,-0.68,21,162.73,-146.84,4
2025/4/14 13:38:20,27.67,-0.54,20,162.69,-146.79,7
2025/4/14 13:38:23,27.61,-0.66,21,162.69,-146.74,6
2025/4/14 13:38:26,27.68,-0.58,21,162.78,-146.81,4
2025/4/14 13:38:29,27.58,-0.51,22,162.67,-146.76,7
2025/4/14 13:38:32,27.56,-0.63,22,162.54,-146.98,4
2025/4/14 13:38:35,27.63,-0.62,21,162.72,-146.81,2
2025/4/14 13:38:38,27.48,-0.67,19,162.57,-146.66,5
2025/4/14 13:38:41,27.63,-0.7,22,162.69,-146.82,6
2025/4/14 13:38:44,27.61,-0.62,24,162.67,-146.86,6
2025/4/14 13:38:47,27.73,-0.7,23,162.68,-146.86,3
2025/4/14 13:38:50,27.79,-0.66,24,162.62,-146.72,5
2025/4/14 13:38:53,28,-0.77,18,162.55,-146.81,6
2025/4/14 13:38:56,27.74,-0.66,24,162.54,-146.69,3
2025/4/14 13:38:59,27.76,-0.6,23,162.51,-146.78,4
2025/4/14 13:39:02,27.82,-0.62,21,162.54,-146.8,3
2025/4/14 13:39:05,27.73,-0.62,23,162.46,-146.88,5
2025/4/14 13:39:08,27.79,-0.71,24,162.54,-146.78,4
2025/4/14 13:39:11,27.58,-0.6,23,162.76,-146.69,5
2025/4/14 13:39:14,27.67,-0.68,23,162.72,-146.86,5
2025/4/14 13:39:27,27.64,-0.81,22,162.63,-146.83,5
2025/4/14 13:39:30,27.62,-0.64,24,162.74,-146.75,5
2025/4/14 13:39:33,27.71,-0.67,24,162.73,-146.78,5
2025/4/14 13:39:36,27.75,-0.69,23,162.55,-146.79,4
2025/4/14 13:39:39,27.64,-0.67,22,162.67,-146.77,7
2025/4/14 13:39:42,27.6,-0.59,23,162.58,-146.73,4
2025/4/14 13:39:45,27.65,-0.6,23,162.79,-146.84,4
2025/4/14 13:39:48,27.55,-0.71,23,162.69,-146.76,3
2025/4/14 13:39:51,27.66,-0.62,22,162.63,-146.75,4
2025/4/14 13:39:54,27.7,-0.62,22,162.61,-146.83,5
2025/4/14 13:39:57,27.68,-0.62,23,162.74,-146.74,4
2025/4/14 13:40:00,27.7,-0.68,23,162.71,-146.78,7
2025/4/14 13:40:03,27.7,-0.64,22,162.79,-146.76,5
2025/4/14 13:40:06,27.66,-0.77,23,162.85,-146.84,5
2025/4/14 13:40:09,27.68,-0.59,24,162.68,-146.8,4
2025/4/14 13:40:12,27.57,-0.66,23,162.73,-146.8,6
2025/4/14 13:40:15,27.57,-0.64,24,162.71,-146.78,3
2025/4/14 13:40:18,27.56,-0.66,26,162.79,-146.78,6
2025/4/14 13:40:21,27.65,-0.58,23,162.69,-146.78,5
2025/4/14 13:40:24,27.6,-0.77,23,162.74,-146.86,4
2025/4/14 13:40:27,27.82,-0.74,26,162.55,-146.08,5
2025/4/14 13:40:30,27.59,-0.57,24,162.74,-146.7,6
2025/4/14 13:40:33,27.72,-0.57,24,162.56,-146.67,6
2025/4/14 13:40:36,27.74,-0.58,24,162.77,-146.77,5
2025/4/14 13:40:39,27.69,-0.58,25,162.78,-146.76,4
2025/4/14 13:40:42,27.68,-0.68,24,162.74,-146.74,7
2025/4/14 13:40:45,27.72,-0.61,24,162.77,-146.86,5
2025/4/14 13:40:48,27.78,-0.6,26,162.72,-146.73,2
2025/4/14 13:40:51,27.78,-0.59,24,162.77,-146.82,4
2025/4/14 13:40:54,27.74,-0.68,24,162.83,-146.8,4
2025/4/14 13:40:57,27.61,-0.51,23,162.76,-146.73,7
2025/4/14 13:41:00,27.63,-0.62,26,162.64,-146.73,6
2025/4/14 13:41:03,27.79,-0.76,25,162.74,-146.65,4
2025/4/14 13:41:06,27.79,-0.63,25,162.67,-146.8,6
2025/4/14 13:41:09,27.4,-0.52,22,162.7,-146.75,5
2025/4/14 13:41:47,27.65,-0.53,26,162.73,-146.74,7
2025/4/14 13:41:50,27.67,-0.55,24,162.92,-146.88,7
2025/4/14 13:41:53,27.64,-0.69,24,162.77,-146.79,7
2025/4/14 13:41:56,27.62,-0.58,23,162.85,-146.9,5
2025/4/14 13:41:59,27.68,-0.65,24,162.82,-146.67,6
2025/4/14 13:42:02,27.68,-0.65,24,162.79,-146.86,4
2025/4/14 13:42:05,27.68,-0.59,24,162.79,-146.95,5
2025/4/14 13:42:08,27.69,-0.55,25,162.85,-146.8,8
2025/4/14 13:42:11,27.71,-0.62,25,162.22,-146.66,4
2025/4/14 13:42:14,27.58,-0.63,23,162.78,-146.66,4
2025/4/14 13:42:17,27.58,-0.5,26,162.82,-146.83,6
2025/4/14 13:42:20,27.71,-0.56,23,162.84,-146.81,5
2025/4/14 13:42:23,27.62,-0.68,25,162.8,-146.88,5
2025/4/14 13:42:26,27.58,-0.56,23,162.6,-146.8,5
2025/4/14 13:42:29,27.65,-0.61,24,162.79,-146.77,6
2025/4/14 13:42:32,27.65,-0.69,25,162.8,-146.82,4
2025/4/14 13:42:35,27.68,-0.56,24,162.84,-146.88,5
2025/4/14 13:42:38,27.68,-0.65,24,162.75,-146.78,4
2025/4/14 13:42:41,27.71,-0.66,25,162.8,-146.84,4
2025/4/14 13:42:44,27.59,-0.6,22,162.87,-146.85,8
2025/4/14 13:42:47,27.78,-0.64,22,162.85,-146.78,5
2025/4/14 13:42:50,27.66,-0.69,24,162.76,-146.71,8
2025/4/14 13:44:09,27.72,-0.61,24,162.5,-146.78,5
2025/4/14 13:44:12,27.64,-0.58,24,162.6,-146.84,7
2025/4/14 13:44:15,27.72,-0.58,23,162.69,-146.87,5
2025/4/14 13:44:18,27.71,-0.63,23,162.72,-146.77,3
2025/4/14 13:44:21,27.84,-0.69,22,162.6,-146.89,5
2025/4/14 13:44:24,27.79,-0.54,25,162.66,-146.72,5
2025/4/14 13:44:27,27.79,-0.62,23,162.65,-146.87,7
2025/4/14 13:44:30,27.77,-0.54,22,162.91,-146.9,4
2025/4/14 13:44:33,27.76,-0.53,24,162.48,-146.86,5
2025/4/14 13:44:36,27.25,-0.46,24,161.37,-147.62,4
2025/4/14 13:44:39,27.71,-0.66,24,162.57,-146.95,6
2025/4/14 13:44:42,27.83,-0.6,22,162.6,-146.86,7
2025/4/14 14:17:11,27.69,-0.79,22,162.79,-147.25,6
2025/4/14 14:17:14,27.77,-0.78,22,162.78,-147.36,5
2025/4/14 14:17:17,27.76,-0.7,23,162.75,-147.29,6
2025/4/14 14:17:20,27.91,-0.75,20,162.76,-147.25,8
2025/4/14 14:17:23,27.81,-0.71,20,162.79,-147.41,4
2025/4/14 14:17:26,27.78,-0.71,20,162.73,-147.29,3
2025/4/14 14:17:29,27.66,-0.78,21,162.78,-147.27,6
2025/4/14 14:17:32,27.8,-0.75,22,162.61,-147.21,6
2025/4/14 14:17:35,27.79,-0.82,20,162.82,-147.12,5
2025/4/14 14:17:38,27.81,-0.71,21,162.83,-147.33,4
2025/4/14 14:17:41,27.83,-0.76,21,162.82,-147.28,5
2025/4/14 14:21:06,27.62,-0.84,22,162.93,-147.3,4
2025/4/14 14:26:24,27.83,-0.74,22,162.75,-147.22,5
2025/4/14 14:30:58,27.46,-1.97,22,163.84,-147.3,3
2025/4/14 14:40:50,27.4,-2.17,22,164.21,-147.13,4
2025/4/14 14:41:54,27.32,-2.14,22,164.27,-147.17,6
2025/4/14 14:46:06,27.34,-2.24,21,164.24,-147.31,4
2025/4/14 14:46:39,27.34,-2.13,23,164.25,-147.22,4
2025/4/14 14:46:42,27.26,-2.08,22,164.31,-147.27,4
2025/4/14 14:54:58,27.32,-2.18,20,164.47,-147.23,5
2025/4/14 14:59:28,27.37,-2.27,22,164.04,-147.35,4
2025/4/14 14:59:31,27.35,-2.31,24,164.37,-147.4,4
2025/4/14 14:59:34,27.3,-2.3,23,164.3,-147.42,3
2025/4/14 14:59:37,27.35,-2.25,23,164.04,-147.26,5
2025/4/14 14:59:40,27.39,-2.19,22,164.25,-147.36,3
2025/4/14 14:59:43,27.31,-2.2,24,164.26,-147.43,6
2025/4/14 14:59:46,27.34,-2.22,23,164.16,-147.26,3
2025/4/14 14:59:49,27.39,-2.32,23,164.25,-147.35,5
2025/4/14 14:59:52,27.36,-2.26,22,164.15,-147.48,4
2025/4/14 14:59:55,27.35,-2.36,23,164.24,-147.28,4
2025/4/14 14:59:58,27.35,-2.31,21,164.25,-147.33,4
2025/4/14 15:00:01,27.4,-2.3,22,163.58,-147.41,5
2025/4/14 15:00:04,27.4,-2.36,22,164.41,-147.29,5
2025/4/14 15:00:07,27.3,-2.2,21,164.18,-147.47,3
2025/4/14 15:00:10,27.27,-2.29,20,164.25,-147.3,5
2025/4/14 15:00:13,27.36,-2.29,21,164.52,-147.33,4
2025/4/14 15:00:16,27.38,-2.23,22,164.15,-147.37,6
2025/4/14 15:00:19,27.42,-2.3,20,164.27,-147.4,4
2025/4/14 15:00:22,27.31,-2.33,24,163.63,-147.35,5
2025/4/14 15:00:25,27.32,-2.33,23,164.24,-147.34,5
2025/4/14 15:00:28,27.35,-2.31,23,164.33,-147.32,6
2025/4/14 15:00:31,27.32,-2.23,23,164.19,-147.44,6
2025/4/14 15:00:34,27.41,-2.3,24,164.23,-147.3,6
2025/4/14 15:00:37,27.3,-2.39,22,164.23,-147.36,4
2025/4/14 15:00:40,27.44,-2.2,23,164.13,-147.35,3
2025/4/14 15:00:43,27.37,-2.21,22,164.16,-147.32,4
2025/4/14 15:00:46,27.38,-2.16,22,164.27,-147.4,3
2025/4/14 15:00:49,27.36,-2.25,21,164.18,-147.33,5
2025/4/14 15:00:52,27.47,-2.26,20,164.12,-147.22,5
2025/4/14 15:00:55,27.42,-2.34,22,164.11,-147.35,2
2025/4/14 15:00:58,27.4,-2.25,23,164.14,-147.49,3
2025/4/14 15:01:01,27.34,-2.24,22,164.33,-147.43,5
2025/4/14 15:01:04,27.41,-2.26,23,164.39,-147.37,5
2025/4/14 15:01:07,27.39,-2.15,22,164.16,-147.35,5
2025/4/14 15:01:10,27.41,-2.19,23,164.25,-147.34,6
2025/4/14 15:01:13,27.35,-2.32,22,164.22,-147.32,5
2025/4/14 15:01:16,27.28,-2.28,21,164.28,-147.32,5
2025/4/14 15:01:19,27.44,-2.27,21,164.26,-147.29,6
2025/4/14 15:01:22,27.44,-2.29,20,164.38,-147.41,2
2025/4/14 15:01:25,27.47,-2.27,22,164.12,-147.38,6
2025/4/14 15:01:28,27.46,-2.37,24,164.23,-147.42,5
2025/4/14 15:01:31,27.41,-2.1,22,164.28,-147.4,4
2025/4/14 15:01:34,27.42,-2.28,21,164.29,-147.37,6
2025/4/14 15:01:37,27.37,-2.34,21,164.29,-147.37,5
2025/4/14 15:01:40,27.35,-2.27,21,164.22,-147.28,6
2025/4/14 15:01:43,27.35,-2.29,22,164.28,-147.46,5
2025/4/14 15:01:46,27.4,-2.3,23,164.19,-147.24,5
2025/4/14 15:01:49,27.39,-2.3,21,164.22,-147.3,5
2025/4/14 15:01:52,27.41,-2.22,20,164.27,-147.4,6
2025/4/14 15:01:55,27.42,-2.26,23,164.27,-147.44,6
2025/4/14 15:01:58,27.32,-2.21,21,164.25,-147.35,4
2025/4/14 15:02:01,27.34,-2.31,20,164.19,-147.28,2
2025/4/14 15:02:04,27.4,-2.26,22,164.15,-147.29,5
2025/4/14 15:02:07,27.35,-2.23,22,164.21,-147.32,6
2025/4/14 15:02:10,27.42,-2.33,21,164.33,-147.44,3
2025/4/14 15:02:13,27.35,-2.24,23,164.05,-147.36,6
2025/4/14 15:02:16,27.39,-2.29,22,164.26,-147.4,4
2025/4/14 15:02:19,27.29,-2.3,21,164.32,-147.39,3
2025/4/14 15:02:22,27.44,-2.21,22,164.39,-147.41,7
2025/4/14 15:02:25,27.42,-2.31,21,164.26,-147.38,4
2025/4/14 15:02:28,27.42,-2.33,21,164.29,-147.3,3
2025/4/14 15:02:31,27.34,-2.26,21,164.3,-147.45,6
2025/4/14 15:02:34,27.38,-2.38,21,164.21,-147.28,3
2025/4/14 15:02:37,27.34,-2.25,22,164.3,-147.41,2
2025/4/14 15:02:40,27.4,-2.22,21,163.9,-147.26,4
2025/4/14 15:02:43,27.43,-2.37,22,164.21,-147.43,6
2025/4/14 15:02:46,27.36,-2.25,21,164.33,-147.45,5
2025/4/14 15:02:49,27.31,-2.25,21,164.23,-147.43,4
2025/4/14 15:02:52,27.34,-2.31,21,164.34,-147.34,2
2025/4/14 15:02:55,27.34,-2.24,21,164.25,-147.38,6
2025/4/14 15:02:58,27.35,-2.23,20,164.41,-147.5,5
2025/4/14 15:03:01,27.41,-2.27,22,164.17,-147.25,4
2025/4/14 15:03:04,27.36,-2.2,21,164.38,-147.48,5
2025/4/14 15:03:07,27.37,-2.23,21,164.19,-147.31,5
2025/4/14 15:03:10,27.38,-2.21,24,164.2,-147.33,4
2025/4/14 15:03:13,27.36,-2.23,22,164.15,-147.31,3
2025/4/14 15:03:16,27.38,-2.22,22,164.21,-147.33,3
2025/4/14 15:03:19,27.39,-2.18,23,163.83,-147.31,7
2025/4/14 15:03:22,27.31,-2.08,22,164.09,-147.35,5
2025/4/14 15:03:25,27.27,-2.19,23,164.29,-147.38,3
2025/4/14 15:03:28,27.33,-2.23,23,164.16,-147.34,6
2025/4/14 15:03:31,27.3,-2.21,22,164.21,-147.3,3
2025/4/14 15:03:34,27.41,-2.27,22,164.35,-147.26,5
2025/4/14 15:03:37,27.39,-2.25,22,163.59,-147.32,4
2025/4/14 15:03:40,27.44,-2.19,24,164.26,-147.28,6
2025/4/14 15:03:43,27.37,-2.29,21,164.34,-147.3,4
2025/4/14 15:03:46,27.36,-2.19,19,164.22,-147.35,3
2025/4/14 15:03:49,27.41,-2.28,22,163.99,-147.37,5
2025/4/14 15:03:52,27.4,-2.18,22,164.27,-147.25,4
2025/4/14 15:03:55,27.31,-2.24,22,164.18,-147.39,6
2025/4/14 15:03:58,27.41,-2.15,21,164.28,-147.32,5
2025/4/14 15:04:01,27.4,-2.24,22,164.19,-147.3,5
2025/4/14 15:04:04,27.33,-2.19,21,164.33,-147.18,6
2025/4/14 15:04:07,27.33,-2.2,22,164.26,-147.32,6
2025/4/14 15:04:10,27.41,-2.21,19,164.19,-147.25,4
2025/4/14 15:04:13,27.35,-2.39,22,164.36,-147.29,7
2025/4/14 15:04:16,27.37,-2.27,24,164.2,-147.45,5
2025/4/14 15:04:19,27.38,-2.3,19,164.26,-147.36,4
2025/4/14 15:04:22,27.34,-2.39,22,164.01,-147.27,7
2025/4/14 15:04:25,27.3,-2.01,22,163.96,-147.25,4
2025/4/14 15:04:28,27.4,-2.23,21,164.34,-147.34,5
2025/4/14 15:04:31,27.46,-2.25,21,164.21,-147.4,6
2025/4/14 15:04:34,27.3,-2.15,20,164.16,-147.33,4
2025/4/14 15:04:37,27.4,-2.21,21,164.25,-147.2,4
2025/4/14 15:04:40,27.4,-2.19,20,164.46,-147.39,6
2025/4/14 15:04:56,27.33,-2.24,21,164.2,-147.39,5
2025/4/14 15:04:59,27.34,-2.29,20,164.23,-147.45,5
2025/4/14 15:05:02,27.5,-2.29,22,164.11,-147.44,3
2025/4/14 15:05:05,27.44,-2.3,21,164.26,-147.32,6
2025/4/14 15:05:08,27.35,-2.42,21,163.92,-147.41,6
2025/4/14 15:05:11,27.47,-2.32,21,163.87,-147.38,2
2025/4/14 15:05:14,27.39,-2.31,21,164.18,-147.3,6
2025/4/14 15:05:17,27.49,-2.37,21,164.37,-147.34,4
2025/4/14 15:05:20,27.36,-2.25,20,164.33,-147.32,4
2025/4/14 15:05:23,27.27,-2.3,22,164.18,-147.33,3
2025/4/14 15:05:26,27.42,-2.31,21,164.37,-147.36,5
2025/4/14 15:05:29,27.42,-2.27,21,164.21,-147.36,4
2025/4/14 15:05:32,27.37,-2.26,21,164.22,-147.33,6
2025/4/14 15:05:35,27.41,-2.34,22,164.29,-147.49,5
2025/4/14 15:05:38,27.33,-2.28,22,164.11,-147.16,5
2025/4/14 15:05:41,27.31,-2.24,21,164.28,-147.26,7
2025/4/14 15:05:44,27.37,-2.28,20,164.19,-147.38,5
2025/4/14 15:05:47,27.33,-2.26,23,164.33,-147.37,4
2025/4/14 15:05:50,27.42,-2.29,20,164.28,-147.35,5
2025/4/14 15:05:53,27.39,-2.22,21,164.3,-147.37,6
2025/4/14 15:05:56,27.38,-2.26,21,164.28,-147.37,6
2025/4/14 15:05:59,27.3,-2.32,22,164.3,-147.31,4
2025/4/14 15:06:02,27.32,-2.3,19,164.2,-147.35,6
2025/4/14 15:06:05,27.33,-2.21,22,164.22,-147.32,4
2025/4/14 15:06:08,27.37,-2.24,20,164.38,-147.36,7
2025/4/14 15:06:11,27.34,-2.28,23,164.3,-147.32,4
2025/4/14 15:06:14,27.33,-2.32,23,164.34,-147.22,7
2025/4/14 15:06:17,27.42,-2.32,19,164.35,-147.3,5
2025/4/14 15:06:20,27.42,-2.24,23,164.28,-147.26,4
2025/4/14 15:06:23,27.42,-2.2,22,164.15,-147.4,6
2025/4/14 15:06:26,27.42,-2.39,22,164.34,-147.28,5
2025/4/14 15:06:29,27.59,-2.27,23,164.19,-147.29,4
2025/4/14 15:06:32,27.29,-2.44,23,164.35,-147.24,3
2025/4/14 15:06:35,27.42,-2.36,22,164.32,-147.42,5
2025/4/14 15:06:38,27.38,-2.37,20,164.13,-147.43,7
2025/4/14 15:06:41,27.3,-2.28,20,164.32,-147.2,7
2025/4/14 15:06:44,27.34,-2.27,22,164.33,-147.3,5
2025/4/14 15:06:47,27.38,-2.23,22,164.21,-147.35,4
2025/4/14 15:06:50,27.45,-2.31,21,164.31,-147.52,3
2025/4/14 15:06:53,27.42,-2.31,23,164.18,-147.47,5
2025/4/14 15:06:56,27.55,-2.2,23,164.35,-147.25,6
2025/4/14 15:06:59,27.4,-2.31,20,164.41,-147.32,5
2025/4/14 15:07:02,27.39,-2.43,22,164.24,-147.47,3
2025/4/14 15:07:05,27.43,-2.33,22,164.59,-147.19,6
2025/4/14 15:07:08,27.43,-2.37,22,164.37,-147.29,4
2025/4/14 15:07:11,27.46,-2.24,22,164.48,-147.25,5
2025/4/14 15:07:14,27.42,-2.31,21,164.2,-147.4,5
2025/4/14 15:07:17,27.41,-2.3,22,164.26,-147.34,5
2025/4/14 15:07:20,27.42,-2.3,22,164.21,-147.37,4
2025/4/14 15:17:30,27.35,-2.37,19,164.27,-147.26,4
2025/4/14 15:17:33,27.35,-2.36,21,164.35,-147.45,7
2025/4/14 15:17:36,27.36,-2.38,22,164.33,-147.41,6
2025/4/14 15:17:39,27.42,-2.28,20,164.36,-147.28,4
2025/4/14 15:21:30,27.36,-2.29,21,164.41,-147.31,4
2025/4/14 15:21:33,27.26,-2.24,22,164.43,-147.31,4
2025/4/14 15:21:36,27.35,-2.3,24,164.34,-147.4,4
2025/4/14 15:23:44,27.33,-2.28,23,164.37,-147.42,5
2025/4/14 15:23:47,27.23,-2.25,23,164.3,-147.27,6
2025/4/14 15:23:50,27.29,-2.34,23,164.31,-147.2,5
2025/4/14 15:23:53,27.32,-2.29,21,164.39,-147.49,4
2025/4/14 15:30:19,27.28,-2.18,22,164.41,-147.42,4
2025/4/14 15:30:22,27.3,-2.17,22,164.43,-147.39,4
2025/4/14 15:30:25,27.23,-2.21,22,164.5,-147.38,6
2025/4/14 15:30:28,27.26,-2.15,22,164.45,-147.41,6
2025/4/14 15:30:31,27.2,-2.33,22,164.41,-147.22,6
2025/4/14 15:30:34,27.29,-2.19,23,164.53,-147.29,6
2025/4/14 15:30:37,27.22,-2.18,21,164.41,-147.46,5
2025/4/14 15:30:40,27.29,-2.23,21,164.47,-147.37,3
2025/4/14 15:30:43,27.33,-2.16,22,164.45,-147.31,5
2025/4/14 15:30:46,27.3,-2.3,23,164.43,-147.27,4
2025/4/14 15:30:49,27.18,-2.18,23,164.44,-147.36,4
2025/4/14 15:30:52,27.28,-2.25,24,164.36,-147.3,6
2025/4/14 15:30:55,27.36,-2.26,24,164.39,-147.43,3
2025/4/14 15:30:58,27.31,-2.21,23,164.36,-147.32,6
2025/4/14 15:31:01,27.29,-2.3,23,164.4,-147.25,4
2025/4/14 15:31:04,27.23,-2.22,22,164.44,-147.26,4
2025/4/14 15:31:07,27.32,-2.24,23,164.35,-147.39,6
2025/4/14 15:31:10,27.27,-2.19,21,164.54,-147.3,1
2025/4/14 15:31:13,27.29,-2.15,22,164.37,-147.4,4
2025/4/14 15:31:16,27.31,-2.32,23,164.46,-147.44,5
2025/4/14 15:31:19,27.33,-2.29,23,164.45,-147.46,6
2025/4/14 15:31:22,27.29,-2.28,22,164.44,-147.43,5
2025/4/14 15:31:25,27.31,-2.19,21,164.46,-147.34,7
2025/4/14 15:31:28,27.28,-2.28,18,164.32,-147.31,4
2025/4/14 15:42:44,27.29,-2.31,20,164.46,-147.43,6
2025/4/14 15:42:48,27.27,-2.26,22,164.32,-147.38,4
2025/4/14 15:42:51,27.21,-2.2,24,164.5,-147.43,6
2025/4/14 15:42:54,27.32,-2.17,22,164.46,-147.3,6
2025/4/14 15:42:57,27.28,-2.18,22,164.34,-147.36,5
2025/4/14 15:43:00,27.3,-2.37,21,164.55,-147.4,7
2025/4/14 15:43:03,27.34,-2.31,21,164.41,-147.29,5
2025/4/14 15:43:06,27.27,-2.31,22,164.46,-147.39,6
2025/4/14 15:43:09,27.32,-2.34,21,164.48,-147.34,4
2025/4/14 15:43:12,27.27,-2.15,22,164.46,-147.44,3
2025/4/14 15:43:15,27.31,-2.29,22,164.46,-147.43,4
2025/4/14 15:43:18,27.36,-2.21,21,164.49,-147.34,7
2025/4/14 15:43:21,27.25,-2.29,23,164.44,-147.23,5
2025/4/14 15:43:24,27.29,-2.29,20,164.37,-147.29,5
2025/4/14 15:43:27,27.3,-2.22,21,164.43,-147.31,5
2025/4/14 15:43:30,27.25,-2.21,23,164.4,-147.36,5
2025/4/14 15:43:33,27.26,-2.29,23,164.45,-147.23,4
2025/4/14 15:43:36,27.27,-2.3,21,164.45,-147.37,2
2025/4/14 15:43:39,27.29,-2.23,23,164.55,-147.43,5
2025/4/14 15:43:42,27.36,-2.31,21,164.46,-147.3,4
2025/4/14 15:43:45,27.28,-2.3,20,164.5,-147.37,6
2025/4/14 15:47:20,27.29,-2.22,23,164.47,-147.45,6
2025/4/14 15:47:23,27.19,-2.37,21,164.5,-147.37,6
2025/4/14 15:47:26,27.3,-2.25,22,164.49,-147.33,7
2025/4/14 15:47:29,27.24,-2.29,23,164.53,-147.47,5
2025/4/14 15:47:32,27.25,-2.33,22,164.48,-147.37,5
2025/4/14 15:47:35,27.24,-2.25,24,164.38,-147.24,5
2025/4/14 15:47:38,27.29,-2.26,21,164.45,-147.43,5
2025/4/14 15:47:41,27.23,-2.32,23,164.47,-147.35,6
2025/4/14 15:47:44,27.21,-2.23,23,164.53,-147.39,6
2025/4/14 15:47:47,27.3,-2.33,22,164.41,-147.36,6
2025/4/14 15:47:50,27.32,-2.3,21,164.54,-147.45,6
2025/4/14 15:47:53,27.27,-2.29,23,164.44,-147.41,7
2025/4/14 15:47:56,27.31,-2.25,22,164.52,-147.44,5
2025/4/14 15:47:59,27.3,-2.24,23,164.44,-147.48,5
2025/4/14 15:49:15,27.28,-2.27,21,164.59,-147.35,7
2025/4/14 15:49:18,27.38,-2.41,23,164.62,-147.4,6
2025/4/14 15:49:21,27.32,-2.34,21,164.35,-147.42,5
2025/4/14 15:49:24,27.28,-2.26,23,164.49,-147.46,5
2025/4/14 15:49:27,27.38,-2.24,22,164.49,-147.41,4
2025/4/14 15:49:30,27.38,-2.34,23,164.39,-147.28,4
2025/4/14 15:49:33,27.35,-2.21,21,164.56,-147.4,4
2025/4/14 15:49:36,27.32,-2.31,21,164.47,-147.26,4
2025/4/14 15:49:39,27.27,-2.28,20,164.49,-147.48,5
2025/4/14 15:49:42,27.27,-2.22,23,164.52,-147.41,4
2025/4/14 15:49:45,27.32,-2.31,22,164.53,-147.3,3
2025/4/14 15:49:48,27.27,-2.28,22,164.51,-147.42,7
2025/4/14 15:49:51,27.33,-2.31,23,164.54,-147.43,6
2025/4/14 15:49:54,27.35,-2.35,23,164.44,-147.29,5
2025/4/14 15:49:57,27.31,-2.31,22,164.39,-147.43,6
2025/4/14 15:50:00,27.22,-2.26,24,164.36,-147.26,3
2025/4/14 15:50:03,27.32,-2.25,23,164.44,-147.38,4
2025/4/14 15:50:06,27.32,-2.26,21,164.42,-147.38,4
2025/4/14 15:50:09,27.33,-2.26,21,164.49,-147.38,5
2025/4/14 15:50:12,27.35,-2.26,21,164.47,-147.52,4
2025/4/14 16:07:54,27.31,-2.29,21,164.42,-147.51,6
2025/4/14 16:08:03,27.32,-2.19,21,164.52,-147.45,5
2025/4/14 16:15:01,27.37,-2.33,22,164.43,-147.35,5
2025/4/14 16:15:04,27.35,-2.41,21,164.52,-147.45,3
2025/4/14 16:15:07,27.32,-2.27,22,164.48,-147.35,5
2025/4/14 16:15:10,27.29,-2.37,20,164.7,-147.45,4
2025/4/14 16:15:13,27.35,-2.33,22,164.56,-147.31,4
2025/4/14 16:15:16,27.29,-2.31,20,164.59,-147.48,4
2025/4/14 16:15:19,27.39,-2.27,22,164.51,-147.43,5
2025/4/14 16:15:22,27.44,-2.29,22,164.52,-147.37,4
2025/4/14 16:15:25,27.38,-2.28,22,164.5,-147.59,4
2025/4/14 16:15:28,27.25,-2.36,20,164.54,-147.41,6
2025/4/14 16:19:32,27.35,-2.27,20,164.51,-147.31,5
2025/4/14 16:19:35,27.51,-2.28,23,164.48,-147.4,5
2025/4/14 16:19:38,27.42,-2.26,21,164.52,-147.42,7
2025/4/14 16:19:41,27.43,-2.3,22,164.45,-147.34,4
2025/4/14 16:19:44,27.38,-2.38,22,164.53,-147.48,5
2025/4/14 16:19:47,27.45,-2.4,20,164.42,-147.33,5
2025/4/14 16:19:50,27.35,-2.38,20,164.5,-147.39,6
2025/4/14 16:19:53,27.45,-2.32,21,164.53,-147.36,5
2025/4/14 16:19:56,27.39,-2.31,23,163.74,-147.51,5
2025/4/14 16:19:59,27.46,-2.44,20,164.57,-147.44,3
2025/4/14 16:20:02,27.35,-2.39,23,164.55,-147.47,4
2025/4/14 16:20:05,27.42,-2.33,22,164.44,-147.46,7
2025/4/14 16:20:08,27.35,-2.32,22,164.19,-147.41,4
2025/4/14 16:20:11,27.51,-2.4,23,164.5,-147.53,5
2025/4/14 16:20:14,27.4,-2.35,18,164.6,-147.42,6
2025/4/14 16:20:17,27.45,-2.32,21,164.47,-147.33,8
2025/4/14 16:20:20,27.47,-2.36,22,164.55,-147.48,4
2025/4/14 16:20:23,27.47,-2.37,21,164.47,-147.43,7
2025/4/14 16:20:26,27.41,-2.39,21,164.54,-147.36,3
2025/4/14 16:20:29,27.48,-2.3,21,164.41,-147.34,6
2025/4/14 16:20:32,27.51,-2.34,23,164.49,-147.49,2
2025/4/14 16:20:35,27.5,-2.26,21,164.47,-147.42,7
2025/4/14 16:20:38,27.4,-2.2,22,164.49,-147.45,5
2025/4/14 16:20:41,27.57,-2.41,20,164.52,-147.47,6
2025/4/14 16:20:44,27.45,-2.28,21,164.68,-147.24,6
2025/4/14 16:20:47,27.45,-2.29,22,164.47,-147.48,4
2025/4/14 16:20:50,27.45,-2.21,22,164.75,-147.49,3
2025/4/14 16:20:53,27.34,-2.19,21,164.62,-147.5,7
2025/4/14 16:20:56,27.51,-2.29,20,164.5,-147.49,4
2025/4/14 16:20:59,27.43,-2.36,22,164.5,-147.47,2
2025/4/14 16:21:02,27.33,-2.28,22,164.49,-147.42,4
2025/4/14 16:21:05,27.36,-2.25,21,164.36,-147.41,6
2025/4/14 16:21:08,27.47,-2.25,22,164.66,-147.41,5
2025/4/14 16:21:11,27.57,-2.31,23,164.51,-147.41,5
2025/4/14 16:21:14,27.35,-2.34,19,164.34,-147.41,6
2025/4/14 16:21:17,27.44,-2.32,21,164.27,-147.35,5
2025/4/14 16:21:20,27.37,-2.19,21,165.11,-147.45,5
2025/4/14 16:21:23,27.39,-2.32,22,164.58,-147.41,5
2025/4/14 16:21:26,27.4,-2.35,20,164.52,-147.41,6
2025/4/14 16:21:29,27.47,-2.35,24,164.5,-147.5,5
2025/4/14 16:21:32,27.4,-2.28,23,164.53,-147.33,2
2025/4/14 16:21:35,27.46,-2.33,21,164.21,-147.34,6
2025/4/14 16:21:38,27.42,-2.32,22,164.52,-147.45,6
2025/4/14 16:21:41,27.43,-2.32,21,164.42,-147.51,5
2025/4/14 16:21:44,27.42,-2.32,19,164.46,-147.4,6
2025/4/14 16:21:47,27.44,-2.25,21,163.77,-147.55,4
2025/4/14 16:21:50,27.44,-2.34,21,164.43,-147.45,0
2025/4/14 16:21:53,27.4,-2.33,22,164.46,-147.57,5
2025/4/14 16:21:56,27.41,-2.22,21,164.49,-147.33,6
2025/4/14 16:21:59,27.42,-2.35,23,164.5,-147.35,5
2025/4/14 16:22:02,27.47,-2.25,19,164.4,-147.46,5
2025/4/14 16:22:05,27.49,-2.41,22,163.95,-147.42,6
2025/4/14 16:22:08,27.41,-2.32,20,164.56,-147.44,5
2025/4/14 16:22:11,27.47,-2.31,21,164.47,-147.34,4
2025/4/14 16:22:14,27.41,-2.27,22,164.37,-147.41,5
2025/4/14 16:22:34,27.53,-2.35,20,164.3,-147.45,3
2025/4/14 16:22:37,27.37,-2.38,24,164.57,-147.52,8
2025/4/14 16:44:26,27.33,-2.37,22,164.59,-147.38,3
2025/4/14 16:44:29,27.34,-2.33,22,164.5,-147.43,7
2025/4/14 16:44:32,27.53,-2.38,21,164.56,-147.42,5
2025/4/14 16:44:35,27.4,-2.37,24,164.51,-147.4,6
2025/4/14 16:44:38,27.36,-2.34,21,164.61,-147.46,6
2025/4/14 16:44:41,27.45,-2.39,22,164.63,-147.48,5
2025/4/14 16:44:44,27.39,-2.38,21,164.7,-147.33,5
2025/4/14 16:44:47,27.44,-2.31,22,164.58,-147.45,7
2025/4/14 16:44:50,27.42,-2.36,22,164.6,-147.39,5
2025/4/14 16:44:53,27.33,-2.3,19,164.45,-147.45,7
2025/4/14 16:44:56,27.39,-2.32,21,164.52,-147.45,5
2025/4/14 16:44:59,27.43,-2.46,21,164.5,-147.44,5
2025/4/14 16:45:02,27.46,-2.37,21,163.9,-147.4,4
2025/4/14 16:45:05,27.26,-2.35,21,164.73,-147.39,4
2025/4/14 16:45:08,27.45,-2.26,22,164.34,-147.36,4
2025/4/14 16:45:11,27.43,-2.38,20,164.62,-147.42,5
2025/4/14 16:45:14,27.49,-2.4,22,164.34,-147.51,4
2025/4/14 16:45:17,27.39,-2.41,22,164.47,-147.43,4
2025/4/14 16:45:20,27.38,-2.41,18,164.51,-147.56,5
2025/4/14 16:45:23,27.49,-2.35,20,164.7,-147.3,3
2025/4/14 16:45:26,27.42,-2.38,21,164.31,-147.5,5
2025/4/14 16:45:29,27.45,-2.3,20,164.35,-147.44,4
2025/4/14 16:45:32,27.44,-2.28,21,164.58,-147.4,5
2025/4/14 16:45:35,27.43,-2.41,22,164.49,-147.51,5
2025/4/14 16:45:38,27.43,-2.47,22,164.46,-147.43,6
2025/4/14 16:45:41,27.4,-2.31,22,164.54,-147.43,5
2025/4/14 16:45:44,27.38,-2.25,20,164.01,-146.94,5
2025/4/14 16:45:47,27.63,-2.62,20,164.14,-147.49,3
2025/4/14 16:45:50,27.42,-2.29,21,164.57,-147.41,5
2025/4/14 16:45:53,27.43,-2.53,23,164.78,-147.45,8
2025/4/14 16:45:56,27.44,-2.4,22,164.53,-147.42,4
2025/4/14 16:45:59,27.41,-2.35,24,164.48,-147.41,5
2025/4/14 16:46:02,27.41,-2.42,21,164.14,-147.44,5
2025/4/14 16:46:05,27.34,-2.43,21,164.6,-147.53,5
2025/4/14 16:46:08,27.34,-2.38,23,164.51,-147.42,6
2025/4/14 16:46:11,27.57,-2.41,22,164.59,-147.41,3
2025/4/14 16:46:14,27.34,-2.43,22,164.64,-147.44,5
2025/4/14 16:46:17,27.39,-2.3,22,164.59,-147.45,8
2025/4/14 16:46:20,27.46,-2.46,21,164.55,-147.36,5
2025/4/14 16:46:23,27.35,-2.41,21,164.58,-147.34,5
2025/4/14 16:46:26,27.45,-2.39,21,164.43,-147.45,6
2025/4/14 16:46:29,27.55,-2.45,23,164.57,-147.37,5
2025/4/14 16:46:32,27.47,-2.41,23,164.15,-147.44,3
2025/4/14 16:46:35,27.43,-2.44,20,164.55,-147.48,4
2025/4/14 16:46:38,27.41,-2.37,21,164.5,-147.29,5
2025/4/14 16:46:41,27.47,-2.51,21,164.54,-147.36,4
2025/4/14 16:46:44,27.3,-2.35,21,164.47,-147.31,5
2025/4/14 16:46:47,27.43,-2.38,21,164.44,-147.35,4
2025/4/14 16:46:50,27.47,-2.18,21,164.58,-147.33,5
2025/4/14 16:46:53,27.43,-2.35,22,164.56,-147.55,4
2025/4/14 16:46:56,27.44,-2.47,19,164.27,-147.49,3
2025/4/14 16:46:59,27.41,-2.45,21,164.51,-147.51,4
2025/4/14 16:47:02,27.41,-2.39,22,164.48,-147.32,6
2025/4/14 16:47:05,27.37,-2.36,20,164.38,-147.36,6
2025/4/14 16:53:52,27.4,-2.31,22,164.59,-147.5,7
2025/4/14 16:53:55,27.37,-2.49,23,164.69,-147.42,7
2025/4/14 16:53:58,27.37,-2.33,21,164.52,-147.35,5
2025/4/14 16:54:01,27.44,-2.37,23,164.56,-147.45,4
2025/4/14 16:54:04,27.37,-2.45,23,164.54,-147.48,5
2025/4/14 16:54:07,27.33,-2.5,22,164.61,-147.39,5
2025/4/14 16:54:10,27.37,-2.49,23,164.7,-147.48,6
2025/4/14 16:54:13,27.45,-2.36,23,164.58,-147.42,4
2025/4/14 16:54:16,27.36,-2.36,22,164.6,-147.45,4
2025/4/14 16:54:19,27.3,-2.29,23,164.61,-147.46,7
2025/4/14 16:54:22,27.33,-2.23,23,164.72,-147.39,6
2025/4/14 16:54:25,27.36,-2.28,24,164.73,-147.39,6
2025/4/14 16:54:28,27.32,-2.39,23,164.92,-147.3,5
2025/4/14 16:54:31,27.38,-2.39,23,164.62,-147.54,5
2025/4/14 17:00:12,27.36,-2.38,23,164.64,-147.41,5
2025/4/14 17:00:15,27.43,-2.31,22,164.61,-147.45,3
2025/4/14 17:00:18,27.39,-2.36,21,164.5,-147.36,4
2025/4/14 17:00:21,27.45,-2.35,19,164.58,-147.4,7
2025/4/14 17:00:24,27.41,-2.51,23,164.56,-147.13,3
2025/4/14 17:00:27,27.36,-2.5,21,164.65,-147.46,3
2025/4/14 17:00:30,27.33,-2.4,18,164.62,-147.5,3
2025/4/14 17:00:33,27.43,-2.41,20,164.29,-147.47,6
2025/4/14 17:00:36,27.37,-2.55,23,164.68,-147.39,6
2025/4/14 17:00:39,27.34,-2.47,23,164.75,-147.26,6
2025/4/14 17:00:42,27.34,-2.4,22,164.58,-147.43,4
2025/4/14 17:00:45,27.4,-2.4,23,164.5,-147.45,5
2025/4/14 17:00:48,27.41,-2.37,22,164.62,-147.46,4
2025/4/14 17:00:51,27.33,-2.3,22,164.64,-147.5,5
2025/4/14 17:00:54,27.31,-2.45,22,163.84,-147.07,4
2025/4/14 17:00:57,27.42,-2.47,21,164.53,-147.51,4
2025/4/14 17:01:00,27.39,-2.53,20,164.54,-147.39,6
2025/4/14 17:10:26,27.29,-2.35,20,164.64,-147.22,4
2025/4/14 17:10:29,27.44,-2.43,23,164.59,-147.47,6
2025/4/14 17:10:32,27.37,-2.45,24,164.63,-147.52,5
2025/4/14 17:10:35,27.42,-2.3,21,164.69,-147.39,5
2025/4/14 17:10:38,27.45,-2.34,21,164.53,-147.4,5
2025/4/14 17:10:41,27.41,-2.31,24,164.68,-147.49,6
2025/4/14 17:10:44,27.38,-2.38,23,165.36,-147.47,7
2025/4/14 17:10:47,27.42,-2.38,23,164.52,-147.49,6
2025/4/14 17:10:50,27.4,-2.44,23,164.57,-147.46,5
2025/4/14 17:10:53,27.34,-2.48,24,164.62,-147.42,3
2025/4/14 17:10:56,27.54,-2.3,23,164.56,-147.47,5
2025/4/14 17:10:59,27.4,-2.4,23,164.74,-147.34,7
2025/4/14 17:11:02,27.51,-2.36,20,164.79,-147.47,5
2025/4/14 17:11:05,27.45,-2.44,22,164.57,-147.46,6
2025/4/14 17:11:08,27.34,-2.22,21,164.59,-147.45,5
2025/4/14 17:11:11,27.36,-2.42,23,164.64,-147.54,4
2025/4/14 17:11:14,27.38,-2.42,22,164.6,-147.41,4
2025/4/14 17:11:17,27.41,-2.45,22,164.58,-147.34,4
2025/4/14 17:11:20,27.44,-2.39,23,164.67,-147.47,5
2025/4/14 17:11:23,27.32,-2.45,22,164.65,-147.39,4
2025/4/14 17:11:26,27.48,-2.41,24,164.64,-147.55,5
2025/4/14 17:11:29,27.38,-2.4,22,164.71,-147.51,5
2025/4/14 17:11:32,27.49,-2.39,21,164.62,-147.33,3
2025/4/14 17:11:35,27.43,-2.36,23,164.61,-147.34,6
2025/4/14 17:11:38,27.36,-2.44,22,164.49,-147.46,2
2025/4/14 17:11:41,27.35,-2.35,22,164.62,-147.26,5
2025/4/14 17:11:44,27.38,-2.36,23,164.62,-147.41,7
2025/4/14 17:11:47,27.33,-2.46,22,164.53,-147.41,6
2025/4/14 17:11:50,27.41,-2.32,21,164.59,-147.31,6
2025/4/14 17:11:53,27.35,-2.46,23,164.73,-147.48,6
2025/4/14 17:11:56,27.45,-2.47,22,164.62,-147.29,4
2025/4/14 17:11:59,27.41,-2.43,23,164.71,-147.52,5
2025/4/14 17:12:02,27.35,-2.37,24,164.71,-147.51,3
2025/4/14 17:12:05,27.51,-2.29,22,164.5,-147.56,4
2025/4/14 17:12:08,27.43,-2.4,21,164.53,-147.4,6
2025/4/14 17:12:11,27.4,-2.41,21,164.63,-147.34,3
2025/4/14 17:12:14,27.45,-2.35,22,164.62,-147.4,6
2025/4/14 17:12:17,27.3,-2.31,21,164.61,-147.37,6
2025/4/14 17:12:20,27.38,-2.34,22,164.64,-147.44,2
2025/4/14 17:12:23,27.45,-2.33,23,164.49,-147.42,4
2025/4/14 17:12:26,27.46,-2.48,23,164.63,-147.31,5
2025/4/14 17:12:29,27.48,-2.43,22,164.58,-147.47,3
2025/4/14 17:12:32,27.29,-2.35,23,164.63,-147.41,4
2025/4/14 17:12:35,27.4,-2.41,24,164.62,-147.49,8
2025/4/14 17:12:38,27.52,-2.43,24,164.63,-147.45,3
2025/4/14 17:12:41,27.45,-2.36,24,164.7,-147.42,5
2025/4/14 17:12:44,27.41,-2.41,24,164.59,-147.41,5
2025/4/14 17:12:47,27.42,-2.49,24,164.68,-147.39,5
2025/4/14 17:12:50,27.57,-2.51,22,164.64,-147.45,3
2025/4/14 17:12:53,27.44,-2.39,23,164.53,-147.33,4
2025/4/14 17:12:56,27.44,-2.46,21,164.66,-147.43,6
2025/4/14 17:12:59,27.47,-2.51,23,164.72,-147.49,5
2025/4/14 17:13:02,27.39,-2.41,22,164.63,-147.35,5
2025/4/14 17:13:05,27.38,-2.55,25,164.69,-147.44,5
2025/4/14 17:13:08,27.53,-2.54,24,164.68,-147.51,5
2025/4/14 17:13:11,27.51,-2.38,24,164.58,-147.4,3
2025/4/14 17:13:14,27.42,-2.51,22,164.59,-147.42,4
2025/4/14 17:13:17,27.26,-2.23,22,164.6,-147.56,4
2025/4/14 17:13:20,27.36,-2.42,23,164.56,-147.39,7
2025/4/14 17:13:23,27.52,-2.53,23,164.67,-147.48,6
2025/4/14 17:13:26,27.39,-2.55,22,164.64,-147.37,6
2025/4/14 17:13:29,27.46,-2.5,23,164.62,-147.39,2
2025/4/14 17:13:32,27.38,-2.44,24,164.65,-147.46,7
2025/4/14 17:13:35,27.42,-2.49,23,164.59,-147.51,5
2025/4/14 17:13:38,27.35,-2.47,23,164.66,-147.44,3
2025/4/14 17:13:41,27.41,-2.43,23,164.71,-147.39,5
2025/4/14 17:13:44,27.47,-2.54,23,164.47,-147.38,6
2025/4/14 17:13:47,27.47,-2.51,22,164.65,-147.33,2
2025/4/14 17:13:50,27.46,-2.44,22,164.63,-147.47,6
2025/4/14 17:13:53,27.32,-2.54,24,164.62,-147.35,5
2025/4/14 17:13:56,27.31,-2.52,22,164.61,-146.78,6
2025/4/14 17:13:59,27.43,-2.45,23,164.83,-147.4,4
2025/4/14 17:14:02,27.48,-2.52,21,164.49,-147.27,4
2025/4/14 17:14:05,27.37,-2.46,21,164.6,-147.42,5
2025/4/14 17:14:08,27.36,-2.48,23,164.02,-147.54,5
2025/4/14 17:14:11,27.45,-2.37,22,164.67,-147.41,7
2025/4/14 17:14:14,27.46,-2.38,22,164.67,-147.47,7
2025/4/14 17:14:17,27.4,-2.41,22,165.09,-147.49,7
2025/4/14 17:14:20,27.44,-2.55,20,164.46,-147.37,7
2025/4/14 17:14:23,27.44,-2.44,22,164.78,-147.43,5
2025/4/14 17:14:26,27.4,-2.49,22,164.63,-147.49,6
2025/4/14 17:14:29,27.31,-2.49,24,164.61,-147.44,4
2025/4/14 17:19:10,27.38,-2.45,24,164.58,-147.41,3
2025/4/14 17:19:13,27.42,-2.32,22,164.59,-147.4,6
2025/4/14 17:19:16,27.46,-2.37,21,164.77,-147.41,5
2025/4/14 17:19:19,27.43,-2.37,21,164.68,-147.48,5
2025/4/14 17:19:22,27.38,-2.29,21,164.7,-147.32,5
2025/4/14 17:19:25,27.53,-2.54,21,163.85,-146.98,5
2025/4/14 17:19:28,27.42,-2.32,21,164.67,-147.47,6
2025/4/14 17:19:31,27.41,-2.48,20,164.68,-147.37,5
2025/4/14 17:19:34,27.39,-2.45,20,164.56,-147.45,6
2025/4/14 17:19:37,27.27,-2.44,22,164.71,-147.41,4
2025/4/14 17:19:40,27.41,-2.47,23,164.4,-147.38,4
2025/4/14 17:19:43,27.41,-2.43,21,164.94,-147.44,4
2025/4/14 17:19:46,27.48,-2.39,21,164.62,-147.32,5
2025/4/14 17:19:49,27.43,-2.53,21,164.39,-147.36,4
2025/4/14 17:19:52,27.4,-2.35,21,164.58,-147.42,6
2025/4/14 17:19:55,27.34,-2.34,21,164.63,-147.43,4
2025/4/14 17:19:58,27.45,-2.45,21,164.7,-147.47,6
2025/4/14 17:20:01,27.4,-2.36,20,164.66,-147.39,5
2025/4/14 17:20:04,27.4,-2.14,22,164.6,-147.46,3
2025/4/14 17:20:07,27.35,-2.54,24,164.58,-147.47,4
2025/4/14 17:20:10,27.37,-2.42,23,164.57,-147.4,6
2025/4/14 17:20:13,27.42,-2.39,21,164.76,-147.46,6
2025/4/14 17:20:16,27.41,-2.38,22,164.67,-147.48,7
2025/4/14 17:20:19,27.46,-2.51,23,164.59,-147.42,4
2025/4/14 17:20:22,27.36,-2.49,22,164.66,-147.59,5
2025/4/14 17:20:25,27.3,-2.49,19,164.46,-147.42,4
2025/4/14 17:20:28,27.41,-2.42,21,164.59,-147.44,4
2025/4/14 17:20:31,27.33,-2.4,20,164.62,-147.42,7
2025/4/14 17:20:34,27.43,-2.33,20,164.67,-147.24,3
2025/4/14 17:20:37,27.38,-2.45,21,164.58,-147.49,6
2025/4/14 17:20:40,27.19,-2.82,22,165.74,-147.98,3
2025/4/14 17:20:43,27.43,-2.53,22,164.64,-147.52,6
2025/4/14 17:20:46,27.35,-2.41,19,164.68,-147.45,5
2025/4/14 17:20:49,27.36,-2.5,21,164.61,-147.44,5
2025/4/14 17:20:52,27.28,-2.46,22,164.65,-147.51,6
2025/4/14 17:20:55,25.02,40.15,21,164.63,-147.51,5
